ID,HR,rMSSD,pNN50,SDNN,HF,LF,ln(HF),ln(LF)
10_75_50_1,62.39633342,66.62276386,34.32835821,89.84806616,80.67222788,533.1866488,1.906724051,2.726879266
9_54_45_1,70.17150652,41.4273094,24.16666667,77.61394315,88.80380141,557.0749571,1.948431557,2.745913636
9_54_45_0,69.3323875,39.21136156,23.7037037,44.3371623,128.8567126,70.02103887,2.110107047,1.84522855
9_54_45_2,70.11257101,36.80257291,22.46376812,56.54839522,106.9854329,107.7170096,2.029324648,2.032284288
10_75_50_2,64.74727373,68.18766508,53.65853659,58.64930036,167.5735038,773.1778961,2.22420535,2.88827943
9_4_21_5,67.49752706,75.04797005,49.58677686,77.68312766,924.432173,1698.029353,2.965875052,3.229945193
9_75_21_1,67.63022044,45.40978777,36.36363636,35.38302157,30.50082061,269.2848748,1.484311524,2.430211961
9_55_11_0,62.20383893,48.54708273,30,71.44894608,300.5104892,72.19049505,2.477859635,1.85848002
9_61_45_2,59.4133742,66.87493571,30,93.27299615,161.6598893,181.3718264,2.208602277,2.258569826
10_5_50_2,81.30924267,34.05714377,17.00680272,46.87738041,126.1811206,61.75714511,2.10099438,1.790687211
9_61_45_1,57.74772742,42.33341009,21.92982456,49.43609327,86.19018683,86.38838293,1.935457822,1.936455345
9_4_21_7,68.11894462,78.36775808,58.67768595,86.89448331,951.3340457,1364.527382,2.978333039,3.134982255
9_13_21_4,64.47608387,52.1040232,33.61344538,63.67405263,176.6849414,247.6156365,2.247199537,2.393778066
9_64_11_0,96.13738555,69.05490475,25.14619883,78.72741431,563.6303359,1232.063485,2.75099436,3.090633086
9_61_45_0,58.53787075,43.00783534,21.62162162,54.71174095,145.2480454,358.2563945,2.162110297,2.554193951
9_4_21_6,68.46447504,76.48190454,56.25,83.16516011,643.8826953,1392.169177,2.808806753,3.143692014
9_34_11_0,77.78128657,26.6233564,7.792207792,32.76757472,141.8926315,150.308319,2.151959843,2.176983018
9_64_21_3,86.43690534,50.68845044,30.90909091,51.12328401,277.3533845,239.7003236,2.44303347,2.37966862
9_56_21_5,81.68236217,99.01522654,8.333333333,102.3669395,75.57877775,313.2068238,1.878399864,2.495831215
9_28_11_1,66.25161347,64.20605992,52.10084034,73.82300214,350.4258481,565.3262479,2.544596133,2.75229915
9_61_21_3,59.6397073,54.76275299,16.80672269,71.16493444,100.8121692,611.3995893,2.00351296,2.786325143
9_61_11_2,60.93116657,39.34783497,16.66666667,48.44904715,119.8469158,187.8348927,2.078626862,2.273776271
9_34_45_0,77.47677468,40.35418539,18.95424837,53.62682291,157.0519476,65.79744603,2.196043326,1.818209037
9_80_21_3,89.28628091,21.0063609,2.352941176,22.12250832,38.3642036,23.79667962,1.583926187,1.376516364
9_61_11_3,59.47240477,48.285272,26.36363636,66.31790604,119.8606881,412.5293272,2.078676767,2.615454828
9_4_21_8,67.36592206,73.03519983,50.89285714,70.14983677,793.8759313,1498.756357,2.899752635,3.175731038
9_34_11_1,80.83712839,27.95656895,3.125,37.3589287,109.8826147,255.9177114,2.040928985,2.408100343
9_46_11_1,76.51362805,61.37720125,39.04109589,82.42239532,645.7504791,2360.766598,2.810064737,3.373053052
9_8_21_2,90.96964947,76.30026576,60.36585366,51.69219391,359.2512039,175.5656735,2.555398232,2.244439607
9_38_21_4,85.56042029,43.61644544,31.76470588,49.21806517,515.9158727,206.1267563,2.71257889,2.314134369
9_61_11_1,61.90118565,35.98297326,19.49152542,44.45436891,51.66680506,55.2097023,1.713211607,1.742015405
9_13_21_3,64.02748932,41.45372748,28.92561983,34.76400118,169.2546949,129.8353383,2.228540724,2.113392914
9_80_21_5,88.06749459,25.29809958,5.747126437,35.815181,52.3730322,93.65686419,1.719107719,1.971539613
9_4_21_2,70.11412395,67.36887125,44.71544715,76.11786454,535.4254307,840.7651914,2.728698995,2.924674723
10_5_50_1,82.36555553,35.15132289,20.98765432,39.64803201,182.0600061,185.4130503,2.260214553,2.268140299
9_38_11_0,80.90567184,81.4765479,42.38410596,86.41367011,812.4527089,1028.21708,2.909798091,3.012084814
9_34_45_1,76.71505033,29.78549473,12.41830065,56.28372175,135.3779279,203.8559777,2.131547862,2.309323451
9_21_21_1,76.52878317,50.47022449,32.8125,53.91714202,350.055812,447.1657156,2.544137293,2.650468499
9_55_21_2,65.2537523,57.1097821,40,60.49997454,224.6691433,134.3395111,2.351543429,2.128203763
9_55_21_0,67.10936308,55.33572768,28.125,49.73193512,292.8509151,453.1922083,2.466646585,2.656282434
9_66_11_0,88.83228481,27.6794006,9.195402299,40.44010868,284.6552973,215.4302232,2.45431927,2.333306631
10_23_50_2,75.49609234,58.93609007,44.96124031,66.66607634,196.3764497,245.6404755,2.293089404,2.390299929
9_21_21_4,75.85035314,65.11623096,42.37288136,63.13210283,261.4593217,408.2375096,2.41740413,2.610912906
10_113_50_0,72.16717048,84.84949437,31.48148148,67.45364312,429.8698917,1758.3337,2.633337028,3.2451013
9_61_21_1,62.76946869,34.04791158,16.21621622,46.11604389,130.1212248,68.32788339,2.114348143,1.834597968
9_36_11_1,78.5918451,74.21186361,14.18439716,78.89256865,107.5663993,697.9799644,2.031676631,2.843842956
9_34_21_2,81.77891853,21.1813757,4.90797546,36.22334205,27.15871444,21.34277576,1.433909209,1.329250901
9_66_21_2,90.34828792,27.92985081,10.24096386,57.75694124,109.979384,151.6948203,2.041311283,2.180970752
9_54_21_0,75.32699699,42.61321543,13.17829457,45.62043957,108.875115,229.0629761,2.036928627,2.359954899
9_11_45_1,65.52648363,42.31014925,18.03278689,60.06366512,136.4602654,661.046483,2.135006212,2.820231999
9_36_21_2,81.20645315,27.21417057,11.65644172,48.84128794,109.5945252,268.4523881,2.039788859,2.428867272
9_11_21_0,77.22743941,74.49156192,44.85294118,61.13930028,157.4631821,258.9564019,2.197179024,2.413226652
9_37_11_1,66.08468325,77.44796992,56.19834711,84.46081885,414.3321554,461.3705966,2.617348639,2.664049913
9_73_21_1,85.18783582,21.25987532,2.614379085,30.31430909,43.62236968,346.4662659,1.639709254,2.539660955
10_37_50_2,67.77910165,64.54544944,36.60714286,103.0287798,609.3907144,660.4666385,2.784895832,2.819850885
9_61_21_4,59.88072596,47.63922739,17.5,62.70991417,129.6113179,92.66326147,2.112642927,1.966907582
10_37_50_0,62.75004504,99.1660749,70,89.63338677,1018.812291,716.4185949,3.008094176,2.85516685
9_49_21_1,83.04973592,32.92519702,19.39393939,41.31841731,187.2859871,319.0125746,2.272505284,2.503807802
9_24_11_0,87.98896432,26.27642584,1.694915254,35.47753883,43.71708771,97.8087665,1.640651223,1.990377782
9_49_21_5,84.28869034,36.37588823,21.42857143,43.80718017,266.393195,79.53462761,2.425523127,1.900556252
9_4_21_4,70.20808908,68.97259707,59.5959596,65.72170439,478.617625,325.4193133,2.679988687,2.512443324
9_13_21_0,64.89477032,59.74162534,34.375,72.01664618,321.9431327,602.9361831,2.507779166,2.780271347
9_15_21_2,73.03166302,55.95385342,50.69444444,57.1910625,492.6074643,110.6667921,2.692500988,2.044017321
9_80_21_2,90.14826924,21.664812,3.409090909,24.10188981,25.31294958,89.01473785,1.403342754,1.949461917
9_54_21_2,73.29664814,33.871647,18.75,38.21527788,67.21091785,228.2842899,1.827439826,2.358476025
9_66_21_5,91.10282233,22.89014224,4.519774011,42.51176752,72.1962852,50.30913245,1.858514852,1.701646828
9_28_11_0,66.38272919,74.81381725,58.55855856,72.71246731,412.458159,509.5552194,2.615379899,2.707191254
9_61_21_2,59.89022527,58.95964948,12.60504202,79.91092071,294.9801796,1032.852797,2.469792836,3.01403843
9_54_11_0,71.85307347,43.00687974,20.3125,53.05704937,180.0829476,650.5696725,2.255472591,2.813293814
10_33_50_0,63.14801518,40.96845234,30,72.5368584,77.03448538,421.9742282,1.886685186,2.625285928
10_37_50_1,64.27241745,88.25659155,61,97.92085264,737.5141933,657.0458012,2.867770383,2.817595644
9_49_11_0,88.43265884,31.27039616,14.45086705,42.04843622,213.8068699,218.1399865,2.330021656,2.338735282
9_79_21_2,86.24167613,51.12998006,32.48407643,79.1277036,568.7376063,606.0000687,2.754911946,2.782472673
10_5_50_2,88.92624676,28.90592445,11.11111111,45.6418352,89.74586734,192.7271236,1.953014459,2.28494284
9_8_21_5,93.62292763,62.13701737,51.92307692,55.23651238,297.4141556,369.2901309,2.473361635,2.567367701
10_28_50_2,69.12231672,73.89082257,55.2,76.62351964,765.1802259,1215.002037,2.883763738,3.084577006
9_79_21_7,83.55893802,58.18299277,47.20496894,63.23892394,856.6016194,298.095117,2.932778891,2.474354862
9_80_21_1,90.23040786,23.32986077,5.056179775,29.34279552,19.54902284,167.5219723,1.291125054,2.224071777
9_73_11_0,82.38037789,31.64552091,4.424778761,48.1129434,77.38961203,237.7231679,1.888682669,2.376071509
9_4_45_0,60.36375891,81.71145292,64.42307692,68.86018,443.6410167,522.5617645,2.647031692,2.71813763
9_15_11_1,76.69309839,40.92838826,30.26315789,57.68864228,312.0889803,85.522807,2.494278434,1.932081947
9_34_21_1,83.15508077,24.3052827,3.03030303,32.95913109,40.73654137,52.71785594,1.609984154,1.721957739
9_22_11_1,72.76029106,71.21121354,48.12030075,78.38779816,1100.617783,991.0887989,3.041636526,2.996112568
9_4_21_3,68.06462818,92.78436492,41.73913043,82.07635061,439.5159054,1437.145885,2.642974596,3.157500856
10_23_50_0,75.81992393,54.27883228,38.0952381,69.86858414,293.7909839,813.4320531,2.468038464,2.910321282
9_81_21_1,79.01442103,36.3779215,17.14285714,47.97154642,213.5690703,880.5825696,2.329538357,2.944770085
9_34_21_5,80.88777072,28.22428278,8.695652174,39.24790865,138.701008,182.320496,2.142079617,2.260835494
9_34_21_4,82.68422991,28.05445972,4.848484848,45.45611629,114.2770317,417.8918066,2.057958951,2.621063856
9_55_21_1,64.92275134,45.50606137,22.54901961,39.56837229,142.0407843,145.2529355,2.152413062,2.162124918
9_34_21_6,82.00432709,27.2787021,10.55900621,41.53034918,122.6566812,254.9119062,2.08869121,2.406390121
9_4_21_1,73.72605133,81.62887175,42.85714286,72.64793354,509.5936668,523.0216315,2.707224022,2.718519651
10_33_50_1,63.16373361,35.46274158,20.16129032,38.41846838,163.8305028,386.1078025,2.214394764,2.586708578
9_34_21_3,83.0866457,23.95677932,3.067484663,30.54536639,15.80374254,50.25466079,1.198759946,1.701176346
9_6_21_3,74.24857516,35.35410793,16.32653061,38.3053674,228.0294426,77.66477688,2.357990926,1.890224099
9_22_21_4,70.82857504,76.83804346,60.15037594,78.29242888,884.6192141,514.9101812,2.946756368,2.711731479
10_28_50_0,73.41890555,59.38499646,39.28571429,94.42750177,724.8381927,871.2929606,2.860241069,2.940164205
9_11_45_0,72.22263066,34.85748898,18.11023622,57.06413427,86.75017405,408.6936165,1.938270355,2.611397854
9_79_11_1,84.97500015,53.40559163,34.75609756,54.7667857,718.3684402,214.3390927,2.856347244,2.331101388
9_63_21_1,81.68273545,54.22513418,17.8807947,56.69073652,380.3905203,1737.095028,2.580229685,3.239823577
9_64_21_2,90.34634978,36.69943556,18.94736842,47.74050517,148.2853448,182.4868309,2.171098231,2.261231529
10_23_50_1,72.59245257,58.34552412,45.80152672,73.53685098,348.2482044,2238.570856,2.541888886,3.349970845
10_113_50_2,78.29524038,69.46113954,25.61983471,63.71585321,162.1909131,399.5192409,2.210026519,2.6015377
9_29_11_0,91.33960495,30.92887413,13.52941176,42.69035902,150.9405606,590.905207,2.178805959,2.771517817
9_54_21_1,72.92741804,34.88367052,17.93103448,38.61710179,193.992989,112.1231927,2.287786035,2.049695456
9_35_21_0,77.66396514,35.33013052,14.08450704,51.61075958,203.1253478,193.1099505,2.307764122,2.285804653
9_35_21_4,79.64187781,19.99451937,3.870967742,42.18148318,47.79222448,179.5795433,1.679357245,2.254256863
9_54_11_1,72.14705004,37.82698138,25.89928058,37.33084951,146.3375107,140.4968134,2.165355663,2.147666474
9_36_11_2,82.37651945,23.34473365,5.521472393,39.0351371,59.55454992,179.0100104,1.774914947,2.252877318
9_29_11_1,93.4612279,30.01434062,12.12121212,31.22365302,159.0596484,271.4653317,2.201560018,2.433714375
9_4_45_1,58.24481489,66.87230858,50,58.66068942,299.60619,334.5167728,2.476550782,2.524417898
9_37_21_2,69.93066031,64.09423224,50.81967213,71.5796933,326.2230727,371.4646812,2.513514674,2.569917527
9_63_11_1,79.11823636,43.35260765,29.11392405,47.13800199,177.6706475,188.2401579,2.249615685,2.274712278
9_79_11_0,85.15616017,58.6337307,43.75,67.98218692,725.2658007,508.4972555,2.860497199,2.706288613
9_4_45_2,71.53888456,71.30631007,66.66666667,73.56480389,127.6848387,633.0887877,2.106139332,2.801464622
10_5_50_1,87.85901953,38.34103371,17.26190476,48.10710691,256.6893122,631.5749758,2.409407786,2.800424914
9_11_21_2,84.48340893,63.70203263,39.07284768,55.796368,143.5939567,448.5248472,2.157136163,2.651786507
10_33_50_2,64.07722053,44.45432514,23.4375,59.88106233,63.48140534,305.0903857,1.802646533,2.484428522
9_4_21_0,66.19965273,74.52769451,48,85.58600591,566.5979362,539.0671543,2.753274988,2.731642871
9_6_21_2,73.76278307,37.34539554,22.22222222,43.6764982,148.1275858,194.2671486,2.170635945,2.288399366
9_8_21_4,94.1325714,59.07741741,48.71794872,45.54837887,391.9312926,194.1948365,2.59320994,2.288237678
9_37_11_0,68.15954225,56.32516265,46.15384615,69.86194492,305.5793968,502.2157995,2.485124069,2.700890371
9_81_21_2,80.07511666,36.62336082,17.19745223,47.82775346,330.1943537,206.8205926,2.518769643,2.315593778
10_31_50_1,63.01060174,42.85876317,31.40495868,61.27371667,218.1776251,512.3926925,2.33881021,2.709602927
10_28_50_1,70.05381426,69.06120713,59.52380952,76.97037906,604.4349621,244.8108365,2.781349577,2.388830638
9_66_21_4,91.91809861,19.32569739,2.777777778,31.27282533,47.11752741,285.5671735,1.673182492,2.455708283
9_36_11_0,80.34495652,30.87341923,13.92405063,66.2023233,103.2735867,492.3912682,2.01398926,2.692310343
9_46_11_0,79.5916927,61.62249112,40.52287582,88.66022862,666.3698665,1821.056166,2.82371535,3.260323341
9_31_21_3,80.86932279,26.02186012,3.75,38.98467528,70.04761437,307.3866867,1.845393349,2.487685054
9_32_11_1,68.08468118,43.1596531,10.37037037,54.63001197,106.289488,174.0822911,2.026490315,2.240754594
9_21_21_3,77.43473128,51.39726059,36.98630137,56.80903941,359.6075272,400.1099503,2.555828774,2.602179352
9_56_21_4,82.89057498,36.02946,21.42857143,38.67876747,31.53958187,272.2778167,1.498855931,2.435012259
9_22_21_1,70.14843164,84.48860071,49.59349593,81.70948586,381.8538812,1037.885918,2.581897209,3.016149619
9_64_21_1,89.18902574,37.67627339,22.98850575,46.38146569,95.87191836,415.1215191,1.981691418,2.618175247
9_35_21_3,81.21038781,29.67930287,4.605263158,37.08978901,52.64672802,233.9624884,1.721371385,2.369146232
9_16_21_0,64.82255086,43.26434106,26.19047619,57.68333886,203.8498271,123.0084725,2.309310347,2.089935026
9_35_21_5,82.74288266,15.22686291,0.609756098,26.98084361,33.25317861,21.7338287,1.521833165,1.33713624
9_11_11_1,73.59848473,64.06468138,35.71428571,57.36117416,212.7091482,342.4793721,2.327786168,2.534634419
9_73_21_0,81.52240553,42.50353546,13.88888889,56.91098677,63.86348245,229.48252,1.805252597,2.36074961
9_44_21_5,82.87566771,53.33954477,12.8440367,44.60590422,60.1258109,241.1061989,1.779060947,2.382208376
9_23_11_0,84.3897932,39.19685528,21.81818182,55.41532518,195.8985259,625.9645081,2.292031168,2.79654971
9_22_21_2,71.96410592,63.70117801,42.7480916,89.356353,374.7410402,855.9313197,2.573731258,2.932438918
9_32_11_0,69.70430488,27.12401268,11.36363636,35.2644131,101.9787143,117.8223491,2.008509532,2.071227677
9_49_21_0,86.00303724,68.52189925,26.84563758,64.5781493,263.3583324,454.9429438,2.420547064,2.657956933
9_21_21_2,78.49225568,49.81384599,34.72222222,62.33794626,252.5790478,241.8886975,2.402397322,2.383615576
9_16_21_4,70.41665168,30.41657647,10.07194245,43.27244905,177.0810511,180.6843487,2.248172091,2.256920535
9_22_11_0,71.80614025,88.72485509,60.8,90.93521185,922.172834,1016.805733,2.964812324,3.007237986
9_49_21_3,87.48102299,31.48175246,16.27906977,39.23902804,135.4886753,469.0743836,2.131902997,2.671241717
9_31_21_4,81.49794022,21.19541795,4.347826087,46.10297312,48.54859882,713.3972567,1.6861767,2.853331435
9_80_21_4,88.8755856,25.56640794,5.780346821,33.94418236,12.42164756,126.4705937,1.094179203,2.101989557
9_21_21_0,76.96030238,49.72713412,24.42748092,52.02618239,387.4208398,690.3554274,2.588182978,2.839072744
9_61_21_0,61.83732817,49.11557325,10.34482759,50.6639401,7.222320696,42.31567556,0.858676769,1.626501279
9_34_21_0,79.45216759,20.13927276,3.205128205,34.18921543,54.49632556,55.03760097,1.736367221,1.740659495
9_44_11_0,81.87767324,25.00844559,4.968944099,37.35815698,69.91821235,122.5584053,1.844590316,2.088343101
9_58_21_2,74.40000989,37.58195099,6.25,43.80553355,159.367935,229.3000829,2.202400945,2.360404212
10_68_50_2,69.16821986,37.25606875,20.68965517,64.34484051,98.42856271,87.92975789,1.993121143,1.944135877
9_6_21_1,75.13399627,36.8415123,18.24817518,42.72214994,202.9275128,371.7307152,2.307340932,2.570228447
10_5_50_0,81.262688,33.05086405,15.52795031,48.57884537,186.3458278,231.3265615,2.270319674,2.364225502
9_22_21_0,70.95982747,105.2791785,54.16666667,92.11587554,761.6845532,1677.147739,2.881775148,3.224571321
9_11_21_3,83.00751625,70.76573117,40.25974026,50.38041794,211.4574447,238.6096828,2.32522298,2.377688063
9_61_11_0,62.81162716,42.80588242,26.82926829,53.92281303,316.5219651,82.69070416,2.500403853,1.91745669
9_36_21_1,85.45168582,23.83838047,4.761904762,44.88194139,100.8190296,60.58348868,2.003542513,1.782354278
9_36_21_0,86.53421612,27.07755671,7.647058824,48.48433668,98.8339867,206.844999,1.994906314,2.315645025
10_78_50_0,55.77922668,64.468954,46.66666667,82.71909086,327.2189532,980.0595162,2.514838451,2.99125245
9_15_21_0,74.60078847,42.92121788,31.72413793,46.79132914,299.7174655,206.3641059,2.476712051,2.31463416
9_6_11_0,77.40990805,28.48203949,13.15789474,37.71952387,107.1581301,87.3907695,2.030025127,1.941465563
9_79_21_4,82.37265875,66.11945151,46.09929078,86.69965556,1122.32646,827.687018,3.050119202,2.917866143
9_73_21_3,82.84833254,32.73977544,8.666666667,57.91051808,126.9034535,848.5522203,2.103473441,2.928678574
9_13_21_1,67.34634349,65.35421107,29.35779817,70.95576431,217.1925832,320.5826632,2.336844991,2.505940032
10_68_50_0,67.46344294,37.79361131,18.75,47.72369561,159.790541,175.4146343,2.203551067,2.244065822
9_15_11_0,73.47616466,44.8630927,32.65306122,52.82126692,199.5779494,169.5586403,2.300112556,2.229319925
9_49_21_4,88.41517,30.24323513,13.01775148,47.01027924,151.1093617,267.978674,2.179291371,2.428100234
9_81_11_1,77.45300451,29.89349681,12.5,43.21867504,144.7441448,186.8287124,2.160601005,2.271443621
9_13_11_3,64.99251908,77.04919766,43.26923077,68.7354559,283.210945,804.2038195,2.452110033,2.905366131
9_22_21_3,71.30084758,70.38024745,48.09160305,79.63609452,611.0287066,553.8662182,2.786061614,2.743404877
9_35_11_1,76.68569377,18.9771073,2.068965517,29.5693808,69.70568894,184.6362755,1.843268224,2.266317031
9_52_11_1,62.71694046,43.15871182,29.91452991,46.29100885,287.628521,110.4138699,2.458831948,2.043023632
9_6_21_0,74.15762414,36.9201863,25.67567568,50.93411297,208.9485247,121.465575,2.320039309,2.08445321
9_46_21_3,79.59809464,52.84103668,39.21568627,65.81241478,379.0387135,447.8476107,2.578683569,2.651130262
9_21_21_5,79.89434441,49.27738626,29.77099237,43.81498643,180.2739949,393.2868515,2.255933083,2.594709427
9_70_21_3,75.21208831,51.20964238,31.40495868,46.18286593,227.9903408,576.2065731,2.357916448,2.760578208
10_78_50_2,53.51859377,63.85840819,50,80.21519821,340.9842918,314.4700449,2.532734373,2.497579283
9_37_21_1,70.69707241,74.91136548,52.71317829,73.18837801,515.8916129,278.2366664,2.712558467,2.444414361
9_52_11_0,63.42830792,49.04027185,36.97478992,43.45679299,406.3803187,160.014485,2.608932667,2.204159298
9_35_21_2,80.64745749,21.18749994,4.081632653,34.58157608,71.61966132,102.0586411,1.855032263,2.008849781
9_81_11_0,76.82644709,45.68031351,19.8630137,55.4398887,403.1433344,404.3768025,2.605459484,2.606786234
9_37_21_3,69.20185793,82.5091878,55.83333333,79.54323413,637.395879,617.1431468,2.804409251,2.790385911
9_35_11_0,75.75378104,28.47365285,7.971014493,33.12642824,83.4892657,273.7324651,1.921630641,2.437326308
10_31_50_0,65.31369862,41.08742341,27.2,53.88108803,296.4063424,206.6944589,2.471887492,2.315328834
9_33_21_1,74.10321534,23.54153515,3.401360544,31.13398692,32.54688953,244.2802226,1.51250949,2.387888307
9_31_21_1,86.00098085,30.53247086,9.937888199,49.99975147,42.52909621,681.0170102,1.628686154,2.83315796
9_6_11_1,79.56630047,28.26511497,9.433962264,42.90336716,179.3733525,193.4027691,2.253757925,2.286462688
9_21_21_6,80.49719809,38.31864504,26.89655172,48.01081226,89.02228624,191.6152116,1.949498743,2.282429983
9_46_21_0,80.84093282,44.07499122,27.27272727,63.6743087,333.0847058,133.5913763,2.522554692,2.125778424
9_79_21_5,88.49500147,55.6620887,31.75675676,73.51399447,632.6618681,227.7517538,2.801171659,2.35746173
9_81_45_0,73.46579143,43.96052531,28.76712329,63.80122855,436.2487149,341.3285096,2.639734161,2.533172564
9_73_21_2,85.62406438,27.38200947,0.653594771,43.12026698,33.99969599,89.23352861,1.531475034,1.950528067
9_63_21_3,87.68828715,24.37488397,4.022988506,30.80972745,109.1585383,94.69373095,2.038057712,1.976321228
9_38_21_2,88.80250875,37.85596955,18.49710983,55.26298931,170.4744129,164.1210411,2.231659203,2.215164263
9_73_21_4,85.18382428,20.17688472,4.166666667,32.44327819,25.0003095,89.59687819,1.397945385,1.952292878
10_96_50_0,84.4380303,22.62709839,2.994011976,38.5418875,49.81486404,182.4848318,1.697358949,2.261226772
9_37_21_0,69.51919786,55.74789854,43.90243902,69.24298345,445.1025667,186.3108457,2.648460099,2.270238137
9_30_11_1,68.54801379,30.21307596,14.17910448,47.78997503,147.1611202,179.1006691,2.167793085,2.253097208
9_31_21_6,79.80534496,35.02878233,12.10191083,46.82149845,141.8855719,325.7614106,2.151938235,2.512899637
9_69_11_1,76.45977662,35.53121558,15.43624161,42.45458545,351.9009032,264.0298608,2.546420382,2.421653047
9_67_21_4,71.90710644,42.22031164,18.84057971,38.09149779,411.8390744,44.65630632,2.614727549,1.649882798
9_69_11_0,77.02445281,43.11800535,12.94964029,55.08590607,146.1150373,534.8937869,2.164694913,2.728267553
9_57_21_0,63.87070844,64.30623232,21.83908046,64.68246434,349.3441404,106.2729123,2.543253463,2.026422582
9_52_21_1,64.73452231,48.99440776,34.61538462,51.74893177,161.2093235,143.817201,2.207390156,2.157810832
9_19_21_0,72.18880485,54.72329923,46.04316547,50.3768534,288.4384312,279.0874961,2.460053125,2.445740379
9_46_21_1,86.30524554,43.60072559,32.29813665,57.07249509,369.1869032,609.3716872,2.567246286,2.784882272
9_58_21_1,75.00451674,53.39151114,6.428571429,62.1326596,195.3899243,1081.265607,2.290902165,3.033932389
9_31_21_2,82.58590771,24.68057377,8.588957055,37.76602112,53.14864248,218.203569,1.725492176,2.33886185
9_31_21_5,82.25401709,45.50444184,18.63354037,45.80030633,105.1095411,312.7091162,2.02164214,2.495140542
9_67_21_3,71.63303403,48.28223865,21.21212121,42.32784219,340.4357672,861.459711,2.532035182,2.935234971
9_49_21_2,86.36042314,33.08265626,18.23529412,37.50991193,195.3051863,210.8543426,2.290713776,2.32398255
9_30_11_0,68.82524629,36.55914022,24.06015038,64.60719951,195.5267849,247.8150471,2.291206259,2.394127673
9_52_21_2,64.95945735,47.48125818,39.49579832,39.96453917,230.4183398,123.1389985,2.362517043,2.090395617
9_70_21_0,73.55137381,29.53748504,12.76595745,29.2780446,267.142856,818.36623,2.426743565,2.9129477
9_67_11_0,71.52795302,45.65315016,24.21875,46.68545858,376.6856212,242.3115782,2.575979043,2.384374166
9_33_21_3,72.96027465,25.10365304,4.895104895,27.15383522,33.50783263,258.666787,1.525146337,2.412740669
9_11_11_0,74.57996473,70.65437185,44.85294118,67.47114665,249.5334432,430.9523892,2.397128759,2.634429293
9_70_11_0,73.23550909,31.57080038,16.88311688,48.00726961,166.0519347,330.8482982,2.22024394,2.519628905
9_58_21_4,73.97464077,28.87140301,5.594405594,52.96141723,111.4713832,459.8470163,2.04716339,2.662613373
9_16_21_3,70.45719758,33.18322199,13.57142857,45.9138605,122.3411548,153.1027206,2.087572576,2.184982908
9_58_21_3,76.46729011,33.55743849,5.921052632,51.17173301,166.8425953,784.5623884,2.222306937,2.894627484
9_46_21_2,79.55990684,83.13476863,39.21568627,73.71803642,948.0634383,378.3180216,2.976837399,2.57785703
10_103_50_1,71.74823002,30.72060882,7.042253521,54.34050326,185.1338686,178.5892574,2.267485876,2.251855331
9_44_21_4,83.41001737,29.2182129,7.547169811,33.07629916,61.11754218,123.8691467,1.786165881,2.092963146
9_44_21_3,83.19810238,28.92887186,6.097560976,40.03539799,78.40022528,132.7916816,1.894317311,2.123170871
10_25_50_2,61.68087767,77.3034701,53.63636364,74.95641315,546.1155676,606.9662186,2.737284557,2.783164521
10_103_50_0,75.21703998,31.02083079,6.164383562,43.73112604,255.6623305,271.1362829,2.407666743,2.433187638
9_66_21_3,93.06937321,19.4925813,3.448275862,26.91030926,64.01548076,62.53188662,1.806285011,1.796101532
9_69_21_4,71.70309724,52.1404362,28.82882883,47.43046261,159.8931559,112.3563592,2.203829875,2.050597658
9_39_45_1,84.61355615,28.97346784,11.80124224,34.45557213,131.544599,196.8949282,2.119073021,2.294234529
9_56_21_6,88.62990392,33.64344698,20.51282051,45.33755896,19.25880352,74.34946656,1.284629302,1.871277857
9_81_21_0,79.11346128,32.14536195,16,59.26099916,218.5312434,649.2495887,2.339513537,2.812411683
9_39_11_1,90.92702466,20.82973683,3.125,35.55056683,42.08917788,85.1331446,1.624170443,1.930098675
9_15_21_1,74.58800429,55.51909558,44.05594406,46.63296848,229.2290889,49.69678404,2.360269728,1.696328286
9_79_21_1,84.72107756,69.43088616,50.33112583,63.22252021,827.3171095,200.6183777,2.917672006,2.302370714
9_63_21_2,90.63618568,19.96708163,2.840909091,29.71937875,26.18072422,126.5914969,1.417981656,2.102404535
9_70_11_1,72.01969865,32.69767003,10.48951049,41.70038441,116.4759321,29.54317232,2.066236195,1.470457128
9_79_21_0,83.58361703,62.70521126,48.71794872,66.23994447,846.856091,141.7294446,2.927809616,2.151460085
9_67_21_0,74.71423148,33.64397623,8.965517241,51.02851779,166.5182974,153.7795995,2.221461962,2.186898726
9_13_11_1,67.49168652,43.74449432,25,74.58011074,387.9442646,804.8189878,2.588769336,2.905698214
9_67_21_1,75.00978289,41.12982773,15.27777778,40.65951021,246.4173032,127.3399315,2.3916712,2.104964612
9_52_21_3,64.52264518,50.0320753,42.51968504,34.41828193,283.37713,49.06748347,2.452364798,1.690793785
9_39_21_1,89.74502351,102.3296591,12.82051282,91.655719,566.3528387,2122.025258,2.753087082,3.326750549
9_35_21_1,81.94867355,20.79015501,3.225806452,24.13809384,62.57846849,85.4742103,1.79642493,1.931835097
9_31_21_0,82.03792317,59.74810764,32.89473684,47.80389388,148.7146439,572.6173757,2.172353736,2.757864522
9_7_21_1,66.83092145,40.68218716,29.45736434,36.57399179,124.0734791,56.64646411,2.09367896,1.753172806
9_7_21_2,65.9930991,43.02186699,35.71428571,32.99998515,158.308525,22.68256401,2.199504302,1.355692145
9_16_21_2,70.26291951,56.3777341,27.27272727,56.90172439,239.9663606,407.256224,2.380150365,2.60986773
9_67_21_2,74.51854029,56.52546052,17.98561151,58.91714388,243.6214319,241.2605978,2.386715491,2.3824864
9_38_21_0,84.17885808,44.04409814,31.67701863,51.5193029,422.982514,235.6053283,2.626322414,2.372185108
9_50_21_1,91.53813808,23.04402603,1.923076923,27.44551208,118.0108852,28.09023631,2.071922068,1.448555393
9_19_21_4,63.42851215,82.48756973,63.30275229,66.35415989,569.5854818,1266.609926,2.755558911,3.102642887
9_58_21_0,74.88668384,60.34263239,6.956521739,71.16590096,139.2064401,302.0327826,2.143659327,2.480054084
9_69_21_3,71.78531001,48.50410831,30.10752688,42.96794549,181.0536137,316.124261,2.257807197,2.499857827
9_67_11_1,72.41389767,52.42442894,27.96610169,59.99065799,311.9155132,757.9345572,2.494036975,2.879631709
9_7_11_0,63.65009239,48.54094253,36.36363636,45.81311839,209.7613294,154.6126732,2.321725427,2.189245089
9_80_21_0,91.14151631,22.48544274,5.172413793,29.86673325,15.61762695,88.78920498,1.193615045,1.948360167
9_66_21_1,94.5486801,20.19713561,3.488372093,28.99483667,58.32326334,97.74202563,1.765841816,1.990081335
9_17_21_3,62.20945179,43.42126646,35.24590164,46.92776967,225.3143055,65.87502453,2.352788767,1.81872079
9_64_21_0,94.76642558,31.61667556,13.63636364,55.48537725,97.92592784,66.63058364,1.990897695,1.823673617
9_19_11_1,70.74437586,46.20855508,37.87878788,49.26716187,284.8295311,210.8085332,2.454585015,2.323888186
9_7_21_3,66.70066885,46.974153,40.83333333,36.34223523,212.0697443,83.09782958,2.326478713,1.919589681
9_2_21_0,84.48191273,52.10241593,28.44036697,49.81789279,378.3454577,230.8628614,2.577888524,2.363354074
9_57_11_1,64.60773806,31.93926748,5.555555556,41.34522582,140.3499529,164.99132,2.147212271,2.217461097
9_57_11_0,64.55244266,42.16349476,5.46875,62.70744588,140.2231009,46.1738709,2.146819567,1.664396284
9_40_11_0,62.86111501,42.39645712,26.2295082,48.05805372,336.7085319,145.4230536,2.527254121,2.16263326
9_8_21_1,93.49174906,89.40617828,53.14285714,63.61693486,742.2321567,640.5425961,2.870539766,2.806548016
9_39_45_2,85.7352555,31.41322614,15.48387097,48.0935329,144.6024044,270.5321828,2.160175514,2.432218937
9_33_21_2,74.79161579,20.83790738,3.448275862,34.70427028,16.72302677,214.5825534,1.223314885,2.331594409
9_19_11_0,71.31793276,63.41219364,49.6,57.20212791,294.4494597,1747.14842,2.469010762,3.2423298
9_33_21_0,76.50193317,22.6647082,5.369127517,42.58346407,122.1769031,241.764275,2.086989113,2.383392126
9_11_21_1,82.10116952,70.91481838,44.18604651,49.97745773,363.4145601,345.0771625,2.560402323,2.537916218
9_60_21_2,79.03864925,22.24033717,1.307189542,46.5877126,30.40810048,124.5576816,1.482989292,2.095370516
9_19_21_2,67.84207537,72.11431955,58.91472868,54.63561087,292.8628966,378.1947554,2.466664354,2.577715502
9_48_21_1,70.25598842,50.13533529,27.20588235,44.73899879,451.3811146,190.4068014,2.654543385,2.279682457
9_48_21_2,69.84518381,44.39186052,22.30769231,39.17382319,247.0531096,106.7281118,2.392790325,2.028278826
9_7_21_4,65.99730519,50.636027,45.52845528,48.67991257,216.6246126,144.5947082,2.335707799,2.160152399
9_13_11_0,65.88234544,42.03668551,23.96694215,53.53847507,157.3188072,165.4810748,2.196780645,2.218748333
9_39_45_0,87.33420032,26.90058514,9.150326797,50.7475451,64.05121413,237.9159715,1.806527366,2.376423598
9_46_21_4,82.06537351,44.27562212,31.61290323,54.93381697,259.8747112,381.8956192,2.41476402,2.581944677
10_25_50_1,65.75371554,40.49821797,23.33333333,90.85820181,211.1529073,160.0239856,2.324597065,2.204185083
9_57_11_2,63.17245253,42.22248833,21.13821138,54.10545756,188.1277583,118.3778028,2.274452881,2.073270275
9_50_21_2,91.98351268,24.80509653,2.222222222,30.24675205,140.4316331,33.41170858,2.147464946,1.523898685
9_44_21_0,86.0378405,60.48799302,30.26315789,41.63775588,99.59202485,194.3487058,1.998224562,2.288581653
9_58_11_0,76.67612585,28.96930819,6.081081081,60.99926068,143.6737654,482.5682619,2.157377474,2.683558755
9_40_21_2,66.09428164,41.44466553,19.84732824,50.94232661,135.5042358,127.2489839,2.131952871,2.104654323
9_69_21_0,71.52519391,36.58020307,15.57377049,50.14870242,188.0520786,169.4846451,2.274278138,2.229130358
9_40_21_0,66.38501651,48.7552666,23.93162393,50.92620544,122.6737642,292.0319613,2.088751692,2.465430385
9_69_21_1,73.22442316,39.8755222,21.42857143,45.81846823,201.3504962,530.5468159,2.303952704,2.724723712
9_50_21_0,88.37352804,28.62834067,5.063291139,46.45390461,105.7931513,550.8032635,2.024457554,2.740996505
9_79_21_0,86.29704855,57.05079909,48.17073171,54.43651629,505.68039,188.9705834,2.703876112,2.276394204
10_25_50_0,68.68573476,51.59856649,30.4,82.25219662,306.0607249,263.332212,2.485807603,2.420503987
9_44_11_1,83.75412401,22.58933026,1.212121212,35.05454694,32.83735126,49.92590776,1.516368119,1.69832597
9_60_21_1,78.38466652,51.80494096,2.521008403,49.45749063,539.818545,831.3041628,2.7322478,2.919759955
9_17_11_1,64.09018432,44.77933539,38.88888889,39.93302461,234.9198691,178.2210324,2.37091975,2.250958955
9_45_11_1,86.19005476,104.9073277,62.75862069,75.74730737,1182.672323,1372.082543,3.072864434,3.137380239
9_31_11_0,90.64159422,17.20911638,1.675977654,37.31910124,89.33268387,298.6219011,1.951010382,2.475121656
9_17_11_0,66.07291039,43.97122686,33.07692308,49.21594146,256.7892,83.46092448,2.409576754,1.921483191
9_17_21_2,66.66179691,45.81514041,30.47619048,65.87280635,139.4453332,46.27336282,2.144403984,1.665331062
9_19_21_1,68.11163067,59.34476568,51.12781955,63.09746921,245.3035838,243.2427489,2.389703893,2.386039903
9_69_21_2,73.38046083,38.28890798,17.09401709,51.77648208,146.1410872,1078.753972,2.164772334,3.032922408
9_24_21_0,85.4525827,25.43704173,6.779661017,47.86517063,76.35175023,539.0114684,1.882818997,2.731598006
9_24_21_3,84.41130876,20.54847513,3.821656051,35.62573772,34.1406778,74.0130507,1.533272139,1.869308306
9_16_11_1,68.53749958,38.14085157,22.79411765,37.81494076,147.7817288,74.60061781,2.169620743,1.872742424
9_7_21_0,64.49892077,84.65671263,50,58.4179327,143.6473452,119.0231415,2.157297604,2.075631409
9_44_21_2,84.05238136,28.37208355,9.036144578,32.88205894,56.45776528,178.8177608,1.751723684,2.252410652
9_7_11_1,65.29488094,42.95690672,36.50793651,46.01471689,70.99027918,163.6287412,1.851198884,2.213859589
9_17_21_0,64.52006334,46.63092299,46.09375,44.89069551,279.4766514,121.9539735,2.446345531,2.086195955
9_2_11_1,86.96310216,34.62700008,17.94871795,48.78407859,492.6091987,179.2919011,2.692502517,2.253560672
9_2_11_0,86.79636555,38.9151773,16.4556962,43.42255444,255.9241221,90.86868595,2.408111222,1.958414248
9_48_21_0,69.24337291,66.76766118,38.4,62.01343611,441.9979646,195.4344317,2.645420269,2.29100108
9_38_21_3,88.71127048,35.99665174,20.57142857,44.91957535,359.8333592,149.0206798,2.556101423,2.17324654
10_40_50_0,63.69750909,55.02003677,31.31313131,65.08337817,117.5468276,470.7976456,2.070210913,2.672834282
10_5_50_0,90.05982137,36.34593559,11.04651163,55.72053839,114.8358067,246.2777518,2.060077326,2.39142518
9_24_21_2,84.30033124,21.88014685,2.919708029,31.86790051,25.77681017,313.6301842,1.411229173,2.496417853
9_44_21_1,83.97922474,22.88763118,3.636363636,30.00456405,41.87894049,43.21029493,1.621995686,1.635587231
9_39_11_0,88.85124902,30.75965319,12.76595745,53.50076859,133.9122107,414.8839525,2.12682018,2.617926637
9_17_21_1,64.08598762,47.99600202,40.47619048,36.44529702,285.1437286,104.314747,2.455063824,2.018345709
9_16_11_0,66.72982977,41.70727777,26.51515152,38.36395375,157.279623,74.6450714,2.196672459,1.873001138
9_78_21_0,56.12520769,72.98263747,46.15384615,66.54961613,392.5414408,1098.56896,2.593885512,3.040827324
9_40_11_1,61.78682016,48.57622082,40.6504065,56.96037792,475.3095578,268.1331694,2.676976547,2.428350542
9_48_21_3,72.21269149,62.0934791,26.2295082,59.94524625,188.2833832,721.8628104,2.274811993,2.858454668
9_16_21_1,71.08471956,39.07197114,12.82051282,42.64433338,105.0712653,35.35912376,2.021483962,1.548501494
9_78_21_6,55.02429624,79.36936355,53.84615385,59.58584319,716.4366835,234.0594197,2.855177815,2.369326124
9_11_21_4,82.81950868,57.72919976,29.74683544,40.48504662,107.5853177,58.3657895,2.031753007,1.766158364
10_40_50_1,62.29772777,59.96488816,32.92682927,63.39712484,141.4794517,84.41860464,2.150693368,1.926438169
9_8_21_0,92.0966208,75.99385838,62.5,56.7485829,433.754401,431.3902296,2.637243894,2.634870305
9_2_21_1,83.12302888,66.05394618,31.42857143,63.02236933,426.5852444,1073.159907,2.630005829,3.030664439
9_63_21_0,84.66380585,37.83497067,15.94202899,42.10364526,90.83578145,1021.845142,1.958256957,3.009385085
10_40_50_3,61.4364342,47.50428612,36.36363636,49.08101307,108.2897921,82.47270905,2.03458752,1.91631026
9_78_21_4,53.48128106,101.7032857,60.46511628,96.48515465,749.258673,158.9682093,2.874631779,2.201310282
9_13_11_2,68.94872037,100.4545198,40.25974026,96.34957781,92.84395031,227.9786389,1.96775361,2.357894156
9_45_11_0,87.51401733,84.41826803,56.83453237,66.4780217,669.1820218,185.3738865,2.825544265,2.268048555
9_11_21_6,82.0870279,37.40828857,13.33333333,37.6937878,211.8990189,480.8794286,2.326128946,2.682036199
10_40_50_2,60.73338868,38.18537557,26.76056338,27.29278367,133.8632959,73.05563846,2.126661514,1.863653741
9_19_21_3,69.60759056,72.12654395,43.90243902,80.4759217,197.9666799,846.3397425,2.2965921,2.927544735
9_45_11_2,84.82786376,72.31374782,60,57.46925619,316.1025352,106.0063803,2.499827979,2.025332005
9_78_21_3,55.3353323,75.877992,56,69.22045132,457.641746,286.9701636,2.660525634,2.457836745
9_78_11_2,56.55852054,62.44711536,43.75,57.13923869,406.8747546,128.0578099,2.609460744,2.10740607
9_38_21_1,86.4662721,36.37793016,21.42857143,49.79213894,313.5037241,390.9754118,2.496242704,2.592149446
9_78_21_2,54.8231505,103.7627421,52.38095238,97.00608852,437.2892756,711.0587259,2.640768827,2.85190547
9_82_11_1,84.44082564,23.6152712,1.19760479,38.53831569,64.75148163,325.8744912,1.81124971,2.513050366
9_78_21_5,53.6959765,75.37565929,59.34065934,53.49103115,399.1419838,143.1240433,2.601127412,2.155712597
9_78_11_1,53.70823251,74.07222568,47.72727273,63.47087293,519.2288437,214.1502271,2.71535881,2.330718539
9_78_21_1,55.51244605,87.70330258,52.3255814,81.88305167,252.6088052,844.8502587,2.402448485,2.926779741
9_65_11_0,94.68695225,20.73997239,1.948051948,23.74833137,39.70793364,63.20802499,1.598877287,1.80077222
9_45_11_3,86.52167577,105.8229696,65.71428571,66.02829274,437.6759219,132.0689412,2.641152655,2.120800696
9_78_11_0,53.08065062,66.21164053,47.61904762,56.10438072,225.1457448,505.5445971,2.352463743,2.703759473
9_39_21_0,89.31309967,24.69975701,7.352941176,38.94811115,84.69585426,442.1461784,1.927862153,2.645565876
