ID,HR,rMSSD,pNN50,SDNN,ln(HF),ln(LF),Time,MAD,MAD_HR
10_75_50_1,80.14808626,62.97695413,33.95061728,86.45021473,2.794464001,2.897536484,120.2273049,36.03418314,0.449595054
9_54_45_1,81.8091701,55.66127815,33.13253012,84.92354831,2.797354161,3.293146886,120.2070514,35.3232434,0.431776088
9_54_45_0,80.83880363,57.48272448,28.83435583,82.21523396,2.554454103,3.066351044,120.3509397,34.96826401,0.432567807
9_54_45_2,81.16926805,42.82013081,22.28915663,71.98712111,2.790283081,2.935523827,120.1746417,35.80701658,0.44114007
10_75_50_2,77.71799965,52.18597848,29.48717949,67.92973023,2.741448908,3.16319714,120.023653,30.99970106,0.39887415
9_4_21_5,79.09499195,47.44633972,25.94936709,63.73475484,2.668634143,3.263122405,120.6959067,33.83086177,0.427724448
9_75_21_1,78.76954184,48.79778369,26.08695652,68.03913842,2.676876304,3.048613345,120.6178685,32.48415875,0.412394918
9_55_11_0,75.92998061,54.83448296,29.60526316,70.46244682,2.567477944,2.988606465,120.1384477,29.73631638,0.391628131
9_61_45_2,74.36665778,57.77322267,34,77.16176042,2.881092577,3.090612287,120.2529848,27.5973933,0.371099013
10_5_50_2,85.23042901,37.94560798,17.54385965,52.05053796,2.414161599,2.814583281,120.1663067,36.23206464,0.425107148
9_61_45_1,72.91380248,47.58688661,28.27586207,87.25693537,2.500754166,3.083450662,120.0079388,27.150192,0.372360117
9_4_21_7,78.13901877,52.85023172,30.12820513,62.25679402,2.693141803,2.701833673,120.7020582,31.09099872,0.397893386
9_13_21_4,75.88509048,46.65473085,20,62.0874499,2.727643042,2.958090019,120.6685347,28.97234538,0.381792328
9_64_11_0,92.1392862,33.76714174,14.20765027,49.49937759,2.465335253,2.664318781,120.4492322,31.1992342,0.338609463
9_61_45_0,72.67685097,55.05519369,37.16216216,78.97299821,2.759940728,3.143599912,120.605885,28.16897255,0.38759209
9_4_21_6,77.53310103,42.18789341,18.06451613,62.87704006,2.525521729,2.960667418,120.1267573,28.79275603,0.371360821
9_34_11_0,82.17773437,34.30153116,12.80487805,58.32055823,2.161982763,2.83433645,120.2228343,33.5304108,0.408023062
9_64_21_3,86.51340847,23.21922733,6.358381503,29.60646367,1.79900389,2.12698053,120.6486884,25.18138394,0.291069146
9_56_21_5,83.92469303,39.47891281,15.56886228,66.76580508,2.274735998,2.619021162,120.6131454,34.16671169,0.407111548
9_28_11_1,75.88947529,50.12313486,25,65.38076895,2.482629858,2.674442521,120.2366601,28.45880024,0.375003255
9_61_21_3,72.42463609,53.24316503,28.08219178,68.93261369,2.846069482,3.201540926,120.5653587,25.60037957,0.353476123
9_61_11_2,72.96768446,52.29986441,19.8630137,99.12037197,2.623578318,3.223827694,120.1478006,25.72448115,0.352546217
9_34_45_0,81.51679096,44.9700583,19.27710843,50.35265103,2.58266317,2.793222599,120.4962009,34.74973822,0.42628933
9_80_21_3,87.61164049,37.88885149,13.14285714,40.80093513,2.607527016,2.432245148,120.189556,37.9370016,0.433013255
9_61_11_3,72.05861024,53.67993173,32.19178082,90.33872414,2.710630454,3.301227736,120.7076315,24.29731302,0.337188199
9_4_21_8,76.08601914,49.46270633,20.91503268,81.98348225,2.450278892,2.803970647,120.3923892,30.10168033,0.395626958
9_34_11_1,83.00642682,35.03707087,15.38461538,48.51369779,2.379123398,2.7518865,120.3613553,33.96787533,0.409219824
9_46_11_1,80.75658399,29.98388542,8.641975309,50.15195922,2.139526447,2.531071775,120.3596225,28.11185906,0.348106095
9_8_21_2,88.13246416,33.03769736,13.14285714,48.94986772,2.612744357,2.54801973,120.4009846,28.08626397,0.318682386
9_38_21_4,85.31431393,50.338783,22.35294118,70.48669782,2.727830562,3.339168239,120.4056518,42.65446902,0.499968494
9_61_11_1,72.99294554,51.3989314,26.02739726,84.51506891,2.543520583,3.237665602,120.6189999,27.08959845,0.371126254
9_13_21_3,74.08935774,34.89694059,14.09395973,51.49480729,2.497859326,2.746726502,120.6214822,27.24711871,0.367760223
9_80_21_5,86.50794629,33.35888633,15.51724138,39.77917608,2.1892703,2.740407411,120.5829555,37.65489644,0.435276735
9_4_21_2,77.13155321,51.03681348,28.84615385,56.89645376,2.536731966,2.685108525,120.4570253,31.70103287,0.41099954
10_5_50_1,83.46018382,33.79894894,16.66666667,45.57511916,2.160365786,2.821846284,120.0365558,33.84888505,0.405569261
9_38_11_0,82.65369323,55.96341884,25.88235294,87.23688841,2.751300308,3.152060875,120.4341551,41.5952515,0.503247343
9_34_45_1,80.48480077,43.08418548,17.79141104,52.02734396,2.684216728,2.682693999,120.0329969,30.85248106,0.383333012
9_21_21_1,80.33874198,45.93194424,24.28571429,90.77316216,2.817366963,2.751831678,120.7197021,37.54933,0.467387578
9_55_21_2,74.39247788,47.73738839,26,74.72319067,2.841227704,3.41398111,120.0777479,29.65123316,0.398578378
9_55_21_0,75.29244528,48.76452537,26.97368421,66.22882106,2.793805487,2.849886512,120.3282804,30.26861455,0.402013966
9_66_11_0,86.52019983,30.95861922,10.46511628,48.94427665,2.268740437,2.629329867,120.6710226,33.45415877,0.386662985
10_23_50_2,79.50085834,37.24177859,14.9068323,54.53720067,2.437870047,2.815188433,120.0169476,29.78954605,0.374707226
9_21_21_4,79.67865674,42.70316379,22.5,67.61644242,2.768324904,3.094562125,120.5692806,34.43818391,0.43221341
10_113_50_0,77.73743121,33.46767452,9.615384615,42.71142874,2.248700856,2.579272553,120.5480352,26.52611644,0.341227077
9_61_21_1,72.77064658,53.44915929,30.40540541,80.85605001,2.617948282,3.035361563,120.7329864,27.33378574,0.37561554
9_36_11_1,80.89329402,28.27386135,7.317073171,46.22226806,2.307231417,2.282713788,120.531976,30.07319333,0.371763738
9_34_21_2,82.46357328,22.36212616,6.024096386,28.38915335,1.827407883,2.283107035,120.3879382,32.35428096,0.392346338
9_66_21_2,86.89715138,30.4700285,11.11111111,64.67380262,2.427672634,2.766147999,120.2223142,33.65623585,0.387311153
9_54_21_0,79.11792063,43.47773647,22.64150943,54.34266094,2.503867543,2.811362948,120.3164278,31.77853236,0.401660358
9_11_45_1,73.96242185,48.3352486,28.8590604,60.1430045,2.547172849,2.82474342,120.2813611,31.47339757,0.425532274
9_36_21_2,82.06099878,29.49445271,9.696969697,39.53056852,2.244458022,2.697637639,120.4441943,32.3136922,0.393776492
9_11_21_0,79.98046875,39.10550248,10.6918239,60.17673785,2.090532241,2.533840101,120.5914934,35.32847752,0.441713809
9_37_11_1,74.19569519,52.48415248,31.57894737,76.47842777,2.800202261,3.235246579,120.2002067,27.16850878,0.366173653
9_73_21_1,84.01771057,33.82251514,12.5748503,43.5795221,2.269046966,2.609034545,120.0343692,34.48472201,0.410445866
10_37_50_2,74.97417475,43.56272737,21.85430464,60.85975862,2.683536219,3.043790021,120.3500157,27.24437535,0.363383464
9_61_21_4,70.8846773,51.88317353,24.11347518,71.41476346,2.669531304,2.976270931,120.0299095,24.31778874,0.343061289
10_37_50_0,72.36505379,44.45896564,22.60273973,70.32256245,2.489073465,3.196123325,120.8521577,27.00538659,0.373182706
9_49_21_1,82.86944465,33.45612605,13.85542169,47.28884619,1.941551517,2.635522211,120.5117125,34.87458285,0.420837656
9_24_11_0,85.24118419,44.44879543,20.1183432,74.45397039,2.566762104,2.750657877,120.541787,42.49529505,0.498530088
9_49_21_5,83.31361736,37.84400338,15.6626506,49.0862152,2.532055971,2.9211031,120.3429938,33.35693964,0.400378002
9_4_21_4,76.01794443,43.75319453,23.37662338,75.19023884,2.647091771,3.178205461,120.624556,29.73933834,0.391214713
9_13_21_0,73.24179606,33.02153879,12.92517007,56.50915038,2.295123862,2.930597695,120.1308494,26.72166596,0.364841762
9_15_21_2,77.34375,22.79740923,3.205128205,40.48510476,1.987643092,2.749855413,120.5945241,23.72908832,0.306800334
9_80_21_2,86.19118622,34.48773174,15.69767442,44.20644226,2.291867867,2.548949209,120.1683389,36.07535597,0.418550406
9_54_21_2,77.39768803,46.92939435,24.20382166,54.28895532,2.744243831,2.705747065,120.7534204,29.03446406,0.37513348
9_66_21_5,86.57226563,35.42200878,13.87283237,44.01348421,2.291857282,2.497423909,120.5772495,33.11586034,0.382522741
9_28_11_0,73.72580908,45.30925079,26.35135135,58.89935672,2.549702137,2.930209883,120.1089698,27.22105742,0.369220193
9_61_21_2,70.32595848,55.07454622,28.36879433,76.50230951,2.60340455,3.343043913,120.4019603,23.07436966,0.32810601
9_54_11_0,76.51682719,49.00071372,22.87581699,71.97132801,2.687126017,2.937249219,120.2250909,29.97052756,0.391685446
10_33_50_0,71.9824819,49.1514995,25.51724138,76.10975355,2.802829141,3.247725963,120.8151108,26.84673829,0.372962109
10_37_50_1,72.49350484,48.04798892,25.51724138,70.32362679,2.476904718,2.784237802,120.6083876,25.24021791,0.348172129
9_49_11_0,84.99328719,37.19945652,16.26506024,72.58287144,2.327460755,2.824047349,120.5476755,33.21258796,0.39076719
9_79_21_2,83.8544081,44.62468911,18.56287425,57.13837552,2.373056588,2.527581329,120.3585644,36.96212659,0.440789309
10_5_50_2,85.23042901,37.94560798,17.54385965,52.05053796,2.414161599,2.814583281,120.1663067,36.23206464,0.425107148
9_8_21_5,87.64675797,35.91669236,16.27906977,48.43259274,2.432638393,2.836978946,120.0202183,28.2456594,0.322267019
10_28_50_2,74.92093617,38.17853191,19.86754967,59.37926297,2.486484913,3.047898517,120.411363,26.04418259,0.347622226
9_79_21_7,82.38928321,35.73268831,16.86746988,41.79725223,2.502432617,2.430224921,120.4845383,34.42202097,0.417797311
9_80_21_1,85.83479128,40.38499193,19.88304094,51.60829549,2.653495256,2.631192557,120.4395888,36.99344944,0.430984323
9_73_11_0,81.73828125,34.49032886,12.72727273,49.90096523,2.188838663,2.531807051,120.1100419,32.55703597,0.398308302
9_4_45_0,70.33125056,53.53453205,27.97202797,80.8448438,2.51014176,3.349084952,120.5571183,29.18325815,0.414940129
9_15_11_1,78.74941974,29.50735059,5.732484076,57.86174686,2.260008945,3.017488277,120.0614871,24.44486605,0.310413285
9_34_21_1,82.06179327,35.31995602,14.02439024,46.83491921,2.405111838,2.623163126,120.0227926,32.22522743,0.392694653
9_22_11_1,76.65298909,38.87568342,20.12987013,46.70316829,2.35299687,2.820300461,120.0686,29.70323198,0.387502592
9_4_21_3,74.20454478,43.80326045,18.42105263,74.72393089,2.274848826,3.036820604,120.2859278,29.38712853,0.396028688
10_23_50_0,78.21082442,33.57737321,13.37579618,47.62918047,2.187201266,2.674919918,120.1066311,28.30458196,0.361901082
9_81_21_1,79.83996489,23.61626406,3.144654088,27.66907859,2.096977733,2.192087835,120.0005512,24.73382939,0.309792588
9_34_21_5,80.79446613,30.40900696,11.72839506,39.81551947,2.355877877,2.495134893,120.0049871,31.91320883,0.394992508
9_34_21_4,81.71381322,33.22616594,11.51515152,45.60731142,2.324457413,2.679788031,120.4307274,33.57750966,0.410915956
9_55_21_1,72.5148874,52.75431647,27.08333333,93.77238618,2.533335918,3.343539454,120.3334092,27.8775887,0.384439523
9_34_21_6,81.32263803,27.46298547,6.707317073,40.64630927,2.146394279,2.446102275,120.0618574,32.25286833,0.396603813
9_4_21_1,77.03686401,40.47376118,22.58064516,72.26842856,2.228154102,2.927944257,120.2525975,30.33388259,0.393758014
10_33_50_1,71.48939527,60.32021099,35.17241379,96.10679425,2.682840702,3.444932389,120.3751603,25.76679951,0.360428276
9_34_21_3,81.74769078,35.67908306,15.6626506,42.84642284,2.630738943,2.765759916,120.5965346,34.0396841,0.416399335
9_6_21_3,77.16692281,28.6542972,8.387096774,42.59762461,1.916018604,2.565346998,120.4704039,28.05742679,0.363593957
9_22_21_4,75.35617873,37.07762674,16.33986928,56.78561859,2.545513554,2.874011931,120.4885341,28.44746283,0.377506706
10_28_50_0,76.65792921,37.7570839,18.83116883,58.76612782,2.419615799,2.88307072,120.1876448,28.96170193,0.377804387
9_11_45_0,76.02539062,53.73715638,26.62337662,69.46489089,2.486630451,3.059452759,120.2219699,33.98060938,0.446963956
9_79_11_1,82.61431031,30.66256246,10.84337349,37.74517994,2.30424656,2.756363748,120.1568247,33.08384205,0.400461396
9_63_21_1,80.88524001,44.0375108,22.36024845,65.77674762,2.76044454,3.011252981,120.0878038,34.10756349,0.421678461
9_64_21_2,85.26488851,24.2439638,6.432748538,37.31365917,1.974090795,2.423520049,120.1383063,25.77722936,0.302319393
10_23_50_1,76.03539588,39.13151156,16.55629139,65.78401332,2.471058215,3.123309896,120.2978023,25.65412006,0.337397074
10_113_50_2,78.96726182,26.0173128,8.176100629,30.96248988,2.08564511,2.094665283,120.4520834,27.70644962,0.350859951
9_29_11_0,85.69335937,43.06493393,18.45238095,71.91135122,2.46854974,2.825480842,120.5545606,35.15213281,0.410208365
9_54_21_1,76.14334367,34.7905025,14.19354839,45.38507449,2.352824609,2.431549121,120.2837428,27.54816047,0.361793417
9_35_21_0,78.57271695,40.15031951,11.03896104,78.24840297,2.333323001,2.721710305,120.6630709,27.1878502,0.346021511
9_35_21_4,79.54502497,22.174908,3.773584906,40.19858135,1.493811706,2.060080347,120.313183,25.53602958,0.321026106
9_54_11_1,75.64820552,46.30891376,26.62337662,50.14054358,2.623704623,2.514921811,120.3713035,27.09117108,0.358120472
9_36_11_2,80.88694324,25.27130521,6.666666667,51.70787289,2.075310789,2.522948347,120.5226745,30.20209665,0.37338655
9_29_11_1,86.52833843,35.21738534,15.11627907,46.88580853,2.395572056,2.574079777,120.0493414,36.82857355,0.425624416
9_4_45_1,68.28098333,44.87224881,18.84057971,79.52173367,2.500732993,3.064550894,120.2321458,25.40510771,0.372067104
9_37_21_2,74.28027337,42.30242451,21.33333333,64.56009485,2.668483174,2.922843997,120.5114328,26.92428621,0.362468863
9_63_11_1,79.03390157,20.45336419,5,37.18277598,1.532345307,2.330476181,120.6323163,27.14182132,0.343419985
9_79_11_0,82.13325126,38.20145743,15.33742331,59.90812757,2.281126111,2.514092626,120.3093287,32.09198328,0.390730706
9_4_45_2,75.03672253,32.32627151,12.41830065,52.77822791,2.279414223,3.030185072,120.5581277,29.56860775,0.394055161
10_5_50_1,83.46018382,33.79894894,16.66666667,45.57511916,2.160365786,2.821846284,120.0365558,33.84888505,0.405569261
9_11_21_2,81.69089909,31.25856668,10.42944785,50.52685397,2.263119133,2.699650099,120.5205515,36.22365721,0.443423412
10_33_50_2,71.12424336,47.97363008,27.08333333,66.27747582,2.358367304,3.067321895,120.1316194,24.13368856,0.339317333
9_4_21_0,72.19905063,42.90453833,20.94594595,72.9789853,2.419428039,3.000672808,120.3902016,29.33211245,0.406267287
9_6_21_2,76.11147741,30.93445385,8.441558442,40.44919039,1.923692688,2.32964119,120.3926438,26.9818816,0.354504767
9_8_21_4,86.64933343,39.41355877,19.88304094,53.35572686,2.218334747,2.705250357,120.3209343,27.01211211,0.311740564
9_37_11_0,73.20167413,64.66792064,32.19178082,100.3560156,2.998576846,3.421033031,120.6204978,25.06872398,0.342461075
9_81_21_2,79.36721604,25.35819077,5.660377358,34.0050046,2.127705398,2.4042846,120.5400903,19.08177861,0.240423938
10_31_50_1,70.50480144,37.12012971,13.98601399,56.93669358,2.350246043,3.093645813,120.6037543,25.38717234,0.360077212
10_28_50_1,74.13845386,33.69938736,13.24503311,55.9451607,2.233395379,2.809203925,120.729067,26.888604,0.362680938
9_66_21_4,85.3713115,31.41495498,8.139534884,42.20728596,2.244164013,2.549375738,120.665081,33.5031181,0.392440007
9_36_11_0,79.34499303,49.33460224,21.73913043,74.12558151,2.506541521,2.915805254,120.0590312,34.81278669,0.438752155
9_46_11_0,78.93885105,57.70502641,33.12101911,85.518053,2.676878874,3.227987905,120.036872,30.72040539,0.389167121
9_31_21_3,79.5974322,34.53811371,13.83647799,41.59215517,2.164985664,2.424899231,120.0216025,31.39575661,0.394431777
9_32_11_1,72.94978286,36.37902132,16.21621622,52.32404601,2.52248502,2.705478565,120.2566049,25.68964817,0.352155238
9_21_21_3,77.77474055,45.08849192,21.15384615,57.35955336,2.44307828,2.819527502,120.4681145,34.01168281,0.437310142
9_56_21_4,80.55150457,40.74467632,17.68292683,82.806975,2.468162705,2.984772944,120.1998424,36.68210451,0.455386957
9_22_21_1,73.94508408,41.48009986,20,59.20465109,2.650608686,2.836047668,120.5072146,27.90805813,0.377416004
9_64_21_1,83.78296419,28.28224718,8.383233533,44.99945536,2.311242219,2.816775858,120.0391222,26.2164553,0.31290914
9_35_21_3,79.64587676,26.29727569,7.594936709,42.47659013,2.237829699,2.296564444,120.7246158,25.71302427,0.322841876
9_16_21_0,71.16221025,21.93337868,3.496503497,32.77145119,1.97159629,2.018963423,120.1438779,20.84001342,0.292852251
9_35_21_5,80.41992187,19.59991012,6.211180124,27.07990579,1.879671318,2.121511307,120.2759724,26.29861501,0.327016172
9_11_11_1,75.67906751,42.75915481,16.88311688,65.12796146,2.408927111,2.79204893,120.2257169,34.06467814,0.450120215
9_73_21_0,79.75092266,47.05987594,20,63.2564637,2.302763497,2.974690251,120.1114076,34.15490855,0.428269761
9_44_21_5,80.41316611,33.64075366,11.25,41.49978283,2.237460797,2.775728897,120.4364266,37.55016544,0.46696539
9_23_11_0,81.18692018,28.3953238,10.42944785,36.57158091,2.122368633,2.558076291,120.0803145,26.16064731,0.322227364
9_22_21_2,74.74066388,43.72740649,22.81879195,55.478733,2.688964005,2.710943475,120.2419624,28.04613141,0.37524595
9_32_11_0,73.55950024,39.90475582,17.44966443,60.30422034,2.508135103,2.890301924,120.4492041,26.10910727,0.354938617
9_49_21_0,81.97317049,58.61066721,21.60493827,92.59887136,2.537017466,3.108034137,120.4989389,32.86045705,0.400868441
9_21_21_2,78.01889681,37.55106003,15.09433962,51.65734518,2.226350619,2.722502008,120.6676837,34.40502534,0.440983233
9_16_21_4,73.80392355,11.1719739,0.675675676,27.7885517,1.15641268,1.894679315,120.2829207,21.5967953,0.292623946
9_22_11_0,74.47757706,42.80178014,18.66666667,69.52830259,2.526003103,2.715301668,120.658663,28.41288854,0.381495876
9_49_21_3,82.57282307,42.89649223,17.57575758,56.33947289,2.606926716,2.977826922,120.6237947,33.65208275,0.407544292
9_31_21_4,79.45821397,31.66997498,16.25,42.35208882,2.293432339,2.860985489,120.6832606,30.70299656,0.386404313
9_80_21_4,83.26866989,41.32701318,22.89156627,51.13319239,2.550896051,2.747279527,120.0677403,34.74973844,0.417320686
9_21_21_0,77.08318017,50.76054307,24.20382166,91.57329581,2.683699092,2.897328185,120.9892964,35.09207339,0.455249424
9_61_21_0,69.23029439,49.86794003,30.21582734,70.87115379,2.754295705,3.088955337,120.0520928,22.77573915,0.328985155
9_34_21_0,78.34177425,34.0192974,13.29113924,53.87146664,2.507721648,2.785525398,120.2067276,30.86382471,0.393963821
9_44_11_0,79.57607256,49.09002669,14.74358974,84.6435933,2.273622263,2.915112994,120.3849525,34.3168313,0.431245602
9_58_21_2,75.66321509,30.77426871,9.933774834,48.73297066,1.859873895,2.977701869,120.1228048,26.01417777,0.34381539
10_68_50_2,72.94921875,33.09828853,14.28571429,54.13422305,2.405413196,2.551491646,120.007859,26.25062507,0.359847926
9_6_21_1,76.02411373,36.91277899,9.74025974,56.85990695,2.120886881,2.555128939,120.6651526,27.83097665,0.366080909
10_5_50_0,79.16698203,46.18411255,9.615384615,86.15664346,2.169749355,2.694712217,120.5591379,30.339868,0.383238911
9_22_21_0,73.82818848,36.73522735,16.32653061,54.45046224,2.18611017,2.879367276,120.0410426,26.44872641,0.358246991
9_11_21_3,80.0133497,33.73651569,11.18012422,44.16031406,2.289871572,2.466711496,120.3104492,35.13855337,0.439158634
9_61_11_0,69.52666148,46.53305294,21.9858156,76.27032252,2.461379538,2.89196135,120.1596068,23.76719713,0.341842922
9_36_21_1,81.23448791,28.00164671,8.588957055,42.18096609,2.164383233,2.41731838,120.4180784,31.24578463,0.384636937
9_36_21_0,81.77174655,49.02562733,19.63190184,69.35392999,2.885710579,3.282298327,120.4262064,34.22932991,0.418596048
10_78_50_0,65.84951252,56.44599075,31.06060606,98.0521657,2.672577726,3.373455736,121.0688543,21.41241833,0.32517201
9_15_21_0,75.5859375,22.70086556,5.263157895,39.34015233,2.100448511,2.424337767,120.4125177,24.17912105,0.319889147
9_6_11_0,77.02987248,33.68479847,9.615384615,61.17475934,2.345541887,2.932223744,120.8003107,30.62206068,0.397534874
9_79_21_4,79.58510698,45.82755485,24.52830189,70.09453056,2.412936062,3.073374251,120.024204,35.17469947,0.441975902
9_73_21_3,79.79695125,37.40107003,10.6918239,40.32082704,2.694409119,2.534072824,120.0824256,30.79202608,0.385879731
9_13_21_1,71.72049586,40.14764468,17.93103448,54.36514516,2.354733592,3.021694449,120.7936998,25.78464972,0.359515776
10_68_50_0,71.74762292,40.95550636,15.97222222,70.53881186,2.303605799,3.134283472,120.4313915,24.56954189,0.342443985
9_15_11_0,74.85260777,29.64423478,6.040268456,56.75364683,2.40695928,3.2511264,120.1372465,21.45313298,0.286605018
9_49_21_4,82.58091848,35.22437953,19.51219512,48.65164815,2.477628761,2.899913774,120.2183112,32.90835016,0.398498234
9_81_11_1,76.89233589,27.11770882,3.246753247,38.27928837,2.30100537,2.856070686,120.7604792,20.15969826,0.262180854
9_13_11_3,70.43806403,49.90265589,24.44444444,91.0187791,2.568236699,3.033243519,120.3792594,26.13064023,0.370973288
9_22_21_3,73.69952998,33.88905299,16.10738255,46.26547365,2.272910742,2.88796145,120.0058553,27.54248049,0.373713109
9_35_11_1,76.46713024,17.20155771,1.935483871,25.99604312,1.357460368,2.134900165,120.5541984,21.32518286,0.278880387
9_52_11_1,69.21065763,46.35391833,18.88111888,73.88554401,2.446120514,3.146111948,120.5593995,23.29683651,0.336607646
9_6_21_0,75.10363375,34.47862074,11.9205298,41.78330903,2.259054355,2.572786398,120.3924177,29.01465983,0.386328309
9_46_21_3,77.90963637,30.49089499,9.554140127,42.07731922,2.041930298,2.632624017,120.2646407,24.53970947,0.314976563
9_21_21_5,78.04738829,50.09038573,26.28205128,83.77004384,2.820703781,3.097334582,120.5657077,34.98073545,0.448198668
9_70_21_3,75.5859375,10.35504794,0.662251656,20.44792885,1.167048634,1.889306494,120.0314596,12.17338351,0.161053549
10_78_50_2,64.35422133,61.47640966,30.76923077,96.66836528,2.877480377,3.518781303,120.2024817,20.79932715,0.323200665
9_37_21_1,73.21259554,31.95795435,11.56462585,42.42306605,2.284431776,2.485523016,120.4474563,25.12805086,0.343220325
9_52_11_0,69.43359375,47.00879891,28.87323944,62.56027804,2.580958477,2.935029362,120.2292847,24.38921137,0.351259528
9_35_21_2,78.22265625,42.73711516,16.66666667,69.06015882,2.459955279,3.346454127,120.1903744,26.67136242,0.34096723
9_81_11_0,76.22833747,25.60329451,7.096774194,49.34429527,1.62009828,2.365792839,120.3546029,21.34188888,0.279973165
9_37_21_3,72.24547765,30.75640066,11.72413793,43.12802857,2.170907611,2.747602767,120.7561984,24.94568918,0.345290667
9_35_11_0,75.62944453,25.24004064,4.666666667,49.09660468,1.661977497,2.408692463,120.6238197,21.75085338,0.287597688
10_31_50_0,70.17746633,42.26672384,14.89361702,52.14739779,2.408815257,2.773751534,120.8307649,25.01340745,0.356430757
9_33_21_1,74.6976819,33.96401107,13.24503311,41.20251253,2.346048278,2.112812528,120.4434156,30.54919206,0.408971086
9_31_21_1,80.84259967,37.22134673,19.25465839,49.92555679,2.130180808,2.681461676,120.505767,31.66370971,0.391671097
9_6_11_1,77.47953731,27.3678092,7.692307692,40.17201999,2.006522987,2.488774397,120.1100452,28.38111855,0.366304698
9_21_21_6,77.94777687,40.09247651,22.29299363,51.49415856,2.40646706,2.527383026,120.6718421,34.10240275,0.437503212
9_46_21_0,78.10507916,34.15444608,10.82802548,52.99114124,2.26846627,2.594527003,120.7725634,25.97885565,0.332614165
9_79_21_5,82.03687998,37.12835405,14.02439024,52.77614093,2.441697682,2.717037425,120.6064817,33.26744263,0.405518136
9_81_45_0,74.25779593,34.43357623,9.271523179,52.04243122,2.408938803,2.9104539,120.6456287,26.20706594,0.352920062
9_73_21_2,80.53626839,32.39835584,11.72839506,49.58005325,2.344750835,2.847769129,120.5019483,30.69400923,0.38112033
9_63_21_3,81.53511222,37.84238917,22.08588957,50.90512963,2.429931089,2.617933776,120.2902791,34.3564584,0.4213701
9_38_21_2,82.07027421,43.3126151,25.15337423,58.94043648,2.470098362,3.028631761,120.2059897,39.40981353,0.480195953
9_73_21_4,80.1828082,34.57832998,15.72327044,51.13401706,2.126400275,2.58682272,120.3481529,31.55049565,0.393482049
10_96_50_0,79.79310064,38.2708502,15.72327044,54.98022484,2.285405638,3.095386768,120.7404633,28.54122652,0.357690405
9_37_21_0,72.06304203,39.22391348,15.75342466,52.59339789,2.535878798,3.028202182,120.618434,24.64745679,0.342026316
9_30_11_1,71.53167365,33.87434027,14.48275862,47.84015614,2.096157274,2.621581728,120.5503339,17.39058142,0.243117217
9_31_21_6,77.34375,21.0017599,3.846153846,27.77531392,1.888909934,2.39743132,120.5182014,29.60948696,0.38282973
9_69_11_1,75.5859375,23.89210217,5.921052632,35.75074478,1.964901719,2.496006796,120.7704565,24.21744666,0.320396194
9_67_21_4,73.2168503,22.17217374,5.405405405,31.10656272,1.969354836,2.089143749,120.0508636,20.4817552,0.279741004
9_69_11_0,75.86311589,37.36158245,14.66666667,61.62646982,2.317518044,2.449641568,120.2119948,25.33212876,0.333918907
9_57_21_0,69.03552561,29.4490292,8.633093525,48.76461878,2.271840049,3.043463153,120.2201633,21.93339979,0.317711781
9_52_21_1,69.46594903,41.68242049,22.69503546,51.69956129,2.457601472,2.504493762,120.6787989,24.25252616,0.349128263
9_19_21_0,73.30229749,25.80106294,8.108108108,43.05312836,2.215570729,2.50893132,120.6962089,22.89548896,0.312343402
9_46_21_1,80.59661853,29.77052185,7.36196319,57.64521468,2.364582306,2.770558892,120.2296484,28.61184238,0.355000531
9_58_21_1,74.73241373,24.65873553,6,30.4067034,2.022732999,2.207506448,120.0338928,24.25343152,0.324536975
9_31_21_2,78.65192031,35.83192278,13.37579618,47.79839714,2.500124205,2.70025379,120.3702439,29.91279687,0.38031871
9_31_21_5,78.4465951,29.34347074,7.594936709,41.6180397,2.268564334,2.793547607,120.6589586,31.80219654,0.405399323
9_67_21_3,72.94921875,19.39827936,2.721088435,25.80152688,1.854506614,2.200220375,120.2724598,22.16093336,0.303785753
9_49_21_2,80.54829768,40.57821214,20.625,44.34992117,2.56746231,2.79362844,120.0684086,32.70938004,0.406084064
9_30_11_0,71.46452656,38.7562172,13.79310345,53.58905498,2.527878759,2.546377247,120.7587499,19.95819061,0.27927409
9_52_21_2,69.43359375,30.33384837,8.571428571,38.35551258,2.150518481,2.629027553,120.7937323,24.3636713,0.350891693
9_70_21_0,73.828125,23.81083698,4.697986577,35.73055345,1.787377539,2.230691143,120.5980877,18.13868432,0.245687999
9_67_11_0,72.74519679,18.50112879,2.739726027,24.52886255,1.649411679,1.802209387,120.5564057,18.43351416,0.253398368
9_33_21_3,73.4592973,41.10934639,15.54054054,49.57175147,2.222091155,2.594623967,120.8801525,30.4526622,0.414551504
9_11_11_0,74.27207651,39.65616264,14.56953642,77.44180319,2.724311503,2.926875034,120.2414331,33.49823683,0.451020604
9_70_11_0,73.55540071,20.14471297,2,41.76003298,1.523005154,2.397217805,120.813372,12.68116611,0.172402923
9_58_21_4,73.91832644,27.77272658,9.395973154,36.1055451,2.185906107,2.487401842,120.743815,24.35865472,0.329534716
9_16_21_3,72.0703125,9.947749219,0,25.40160833,1.562711953,1.763444782,120.7095818,22.0048646,0.305324951
9_58_21_3,75.17381953,27.15990375,9.271523179,38.22703333,1.842771364,2.45628188,120.2584968,25.3840766,0.337671769
9_46_21_2,76.76279461,30.41779788,11.68831169,49.23418355,2.073831306,2.958629789,120.0620112,23.19037867,0.302104409
10_103_50_1,72.68759821,22.24534995,2.721088435,45.60959793,1.834499868,2.448282582,120.0419661,26.48394438,0.364352999
9_44_21_4,78.6740206,54.03420835,23.87096774,88.45684802,2.422156792,2.946234061,120.4975127,35.87191488,0.455956294
9_44_21_3,78.4287889,39.44100958,17.72151899,55.69451783,2.452835114,2.781963035,120.1452361,35.12132785,0.447811682
10_25_50_2,67.28926812,45.27298706,22.05882353,67.93205525,2.637211869,3.057782768,120.0945456,19.17505015,0.284964463
10_103_50_0,74.28461016,31.8766886,10.73825503,41.75019211,2.255291094,2.553981298,120.1235161,28.34169449,0.381528481
9_66_21_3,83.5021591,36.58508321,15.47619048,52.20859038,2.4362901,2.888798259,120.6688961,31.97524515,0.382927166
9_69_21_4,72.3783775,22.70355837,5.517241379,29.69958676,2.000456027,2.388927227,120.658251,19.47459509,0.269066478
9_39_45_1,79.05531038,33.636853,13.20754717,49.06458827,2.297524767,2.788295482,120.099211,37.52424062,0.474658065
9_56_21_6,81.11386225,48.44045116,19.01840491,60.72879369,2.48019181,2.681322461,120.3215368,0,0
9_81_21_0,76.15605202,38.93798927,14.66666667,93.09215822,2.468486052,3.253170537,120.7701428,23.78311941,0.312294542
9_39_11_1,82.26635653,44.87407614,18.90243902,49.95716245,2.508708418,2.833523171,120.208685,38.83927637,0.47211616
9_15_21_1,73.80395815,19.15657665,4.026845638,30.75436445,1.732297271,2.091027194,120.1451092,21.56140541,0.292144296
9_79_21_1,79.04451602,36.4341936,14.46540881,55.42906699,2.582849048,3.050298055,120.5066081,29.75200095,0.37639551
9_63_21_2,82.09139224,37.80107161,17.07317073,47.56461532,2.453396612,2.919634477,120.2557945,33.7968045,0.4116973
9_70_11_1,72.45574089,14.382316,2.054794521,27.05706408,1.477801501,2.237610057,120.4604547,9.103736041,0.125645476
9_79_21_0,78.42751118,37.77697871,13.37579618,43.16969317,2.326878818,2.570664965,120.5803416,27.85923002,0.355222671
9_67_21_0,73.72434399,52.38890751,13.57142857,76.43294242,2.612128191,3.412463709,120.3139088,23.63369748,0.320568434
9_13_11_1,69.95567775,56.24674206,24.08759124,93.81501435,2.541216963,2.99394949,120.203119,24.14861286,0.345198755
9_67_21_1,73.828125,22.71460499,4.081632653,41.72615489,1.953766832,2.124695705,120.4560718,22.52632012,0.30511841
9_52_21_3,68.39023454,35.67230198,14.38848921,42.51062685,2.181992631,2.482023342,120.6610995,21.86359258,0.319688808
9_39_21_1,81.43289975,45.45067336,21.60493827,65.38659671,2.375482333,3.028105116,120.3030272,36.69770781,0.450649651
9_35_21_1,77.34375,37.5614822,10.8974359,48.2217551,2.331323327,2.3794839,120.3276587,25.99078002,0.336042408
9_31_21_0,77.36797471,41.95720619,17.94871795,54.73199948,2.538324119,2.781194708,120.7957677,31.81308014,0.411191843
9_7_21_1,69.48460359,47.86924372,20.56737589,51.75440133,2.438754944,2.496114061,120.4718479,38.92681495,0.560222163
9_7_21_2,69.0176866,42.88086345,19.28571429,61.92205788,2.451817913,3.04143236,120.6456488,39.17458104,0.567602059
9_16_21_2,71.19140625,10.00360399,0,28.59848054,1.213227405,2.038391212,120.7734695,18.04837475,0.253519009
9_67_21_2,73.38867188,25.41438359,4.054054054,40.75217264,1.754231318,2.170922622,120.5727844,20.95838008,0.285580588
9_38_21_0,78.35024076,50.63999817,19.10828025,74.59274059,2.361238063,3.24446672,120.4232627,36.62606311,0.467465865
9_50_21_1,82.13325777,38.56999941,22.56097561,43.70318821,2.340036179,2.442525198,120.1392156,27.52234225,0.335093761
9_19_21_4,67.57379844,29.41977964,8.02919708,58.25461606,2.377121849,2.354062887,120.0710566,18.44122243,0.272904926
9_58_21_0,73.48945395,33.49747662,17.12328767,56.15796813,2.33473036,2.471092755,120.7329687,23.38428018,0.318199128
9_69_21_3,71.87404367,21.83782806,6.25,27.92654148,1.837060482,2.196325798,120.0857344,18.98432943,0.264133315
9_67_11_1,72.19755959,15.7952352,1.379310345,33.2483023,1.333431356,2.057731408,120.4112183,18.06888984,0.250270091
9_7_11_0,67.65005191,45.07717904,21.01449275,65.88121447,2.503297615,2.845113142,120.8797335,36.43932153,0.538644399
9_80_21_0,81.83572471,46.88177045,23.7804878,53.76964167,2.558670744,2.863763361,120.491603,35.17884448,0.429871485
9_66_21_1,83.57957802,40.41833774,18.6746988,67.97670917,2.408393497,2.788626632,120.2196618,35.3340421,0.422759278
9_17_21_3,66.8390269,34.59837881,14.70588235,52.64596697,2.413661129,2.760693736,120.6622949,20.02632342,0.299620212
9_64_21_0,83.64749405,44.19066292,22.15568862,58.26667809,2.532366448,3.038174722,120.2151697,29.65639548,0.354540155
9_19_11_1,71.19140625,22.42932023,6.944444444,35.29653897,1.777138516,2.422127941,120.7427682,22.05327558,0.309774406
9_7_21_3,69.03475853,44.66192583,21.42857143,54.14712284,2.617055191,2.829322988,120.0697064,37.34532903,0.540964144
9_2_21_0,78.22264269,42.99680321,14.64968153,68.1442286,2.511298183,3.012578852,120.8265612,30.46123933,0.38941716
9_57_11_1,67.92810928,36.26404567,17.51824818,42.4733327,2.228380851,2.53880696,120.574186,19.97090894,0.29400066
9_57_11_0,67.78453804,33.03055861,11.5942029,49.27715898,2.345074564,2.685754919,120.8987373,19.69130189,0.29049843
9_40_11_0,66.90067024,54.9261122,25,77.5128736,2.325269655,2.830753295,120.034888,23.60518864,0.352839345
9_8_21_1,82.72278272,41.554053,15.75757576,65.38786148,2.261017515,2.558959403,120.1096437,27.48999152,0.332314637
9_39_45_2,78.70482974,46.99844688,27.84810127,66.9905622,2.745293828,3.112514108,120.5952386,37.60862751,0.47784396
9_33_21_2,73.01664617,26.74161804,7.482993197,35.27902855,2.093226289,2.630255894,120.6599577,29.57432492,0.405035378
9_19_11_0,71.19140625,40.97602335,13.4751773,73.85101037,2.043078139,2.572274982,120.2868635,23.82424563,0.334650583
9_33_21_0,73.828125,41.01529086,16.89189189,70.97917121,2.455327387,2.900896778,120.6241788,30.57833382,0.414182723
9_11_21_1,76.6939454,52.11430674,28.75816993,66.39721048,2.73122385,3.096744807,120.4698966,37.09508548,0.483676844
9_60_21_2,75.08392457,30.17107014,10.59602649,38.33800332,1.936378156,2.576398849,120.2164916,25.46551826,0.339160725
9_19_21_2,69.2655847,19.34796264,3.571428571,35.68806072,1.40145957,2.105153252,120.5194142,18.50169456,0.267112371
9_48_21_1,70.48687953,13.61037362,0.704225352,26.41063769,1.691761852,2.121100125,120.4425701,17.5139414,0.248470943
9_48_21_2,70.2209474,19.36515423,2.836879433,35.78325755,1.580266914,2.444865748,120.0406603,15.99926951,0.227841835
9_7_21_4,68.22266302,38.57212322,22.30215827,57.84972755,2.186141963,3.139069233,120.2063866,36.6208199,0.536783794
9_13_11_0,68.1210081,49.22761515,26.08695652,81.30555956,2.588887738,3.149371427,120.5051904,23.99423359,0.352229573
9_39_45_0,79.19592131,46.54569641,21.3836478,66.62187687,2.427711116,2.803763097,120.3119567,38.79065831,0.489806264
9_46_21_4,76.46484375,33.57658187,10.38961039,44.86058625,2.188254156,3.028687583,120.3195025,23.36271975,0.305535441
10_25_50_1,68.01334425,44.34571044,18.43971631,102.9064154,2.346146491,2.715269916,120.7688953,23.08813434,0.339464771
9_57_11_2,66.64696662,48.08924926,20.14925373,80.42902402,2.369612356,3.189284771,120.6155009,20.96403891,0.314553534
9_50_21_2,81.54561117,44.75607915,14.375,95.16762005,2.672051064,2.990463143,120.6658426,26.0572815,0.319542415
9_44_21_0,78.46064042,41.11980551,20,61.10662975,2.494947613,2.853398311,120.3316464,34.98774842,0.445927388
9_58_11_0,73.56735499,39.78323965,14.38356164,70.03492073,2.27518823,3.093934374,120.6563155,22.00143401,0.299065177
9_40_21_2,68.06489247,38.12183746,13.76811594,41.32587944,2.412172221,2.719202201,120.3445656,22.44274089,0.32972565
9_69_21_0,70.80980118,29.51512969,8.450704225,41.61245794,2.360486721,2.784132954,120.3185073,21.91065143,0.309429642
9_40_21_0,68.14377348,32.72817849,9.352517986,52.39243914,2.366289666,2.862333059,120.0970302,21.97528418,0.322484111
9_69_21_1,71.67112502,25.68565159,6.944444444,37.11610737,2.064464641,2.512853435,120.4751864,20.09867594,0.280429196
9_50_21_0,79.50373123,51.58734742,22.07792208,92.32192268,2.685695426,3.457195123,120.6328546,28.08232624,0.35322023
9_79_21_0,78.42751118,37.77697871,13.37579618,43.16969317,2.326878818,2.570664965,120.5803416,27.85923002,0.355222671
10_25_50_0,69.29332624,30.26702689,8.633093525,62.95529969,2.208804366,2.58473886,120.9101256,16.7490571,0.241712413
9_44_11_1,77.069806,45.08339015,21.93548387,61.59033916,2.602675638,3.034481297,120.1233184,35.01990993,0.454392086
9_60_21_1,74.26757812,31.50851822,12.83783784,36.97926896,2.2908772,2.675626188,120.2504809,24.76700716,0.333483436
9_17_11_1,66.796875,25.7870437,5.147058824,41.33779607,2.013630376,2.747619557,120.6309075,19.54124025,0.292547222
9_45_11_1,78.22265625,38.11437063,19.10828025,52.59545159,2.346013191,2.65676096,120.2821676,29.17879111,0.373022248
9_31_11_0,80.47599294,50.52937039,23.125,74.3232455,2.429245336,3.05680381,120.1907614,31.5671862,0.392255939
9_17_11_0,67.67578125,27.86626374,8.02919708,44.48891076,2.123966176,2.922320978,120.6794554,17.57723258,0.259727073
9_17_21_2,67.92740922,31.34503011,13.86861314,45.69345356,2.280786598,2.518210922,120.3728885,17.84634425,0.262726703
9_19_21_1,68.5546875,20.46423417,2.877697842,48.74993674,1.914806902,2.460540293,120.6708127,16.3720986,0.238818076
9_69_21_2,71.20044106,22.43587204,6.993006993,32.74520855,2.17766838,2.646786501,120.8054581,19.02114973,0.267149325
9_24_21_0,77.36280701,48.69263467,24.67532468,70.76641722,2.736110339,3.078030249,120.1329472,33.94237423,0.438742796
9_24_21_3,76.82311157,38.56557721,16.88311688,44.99218973,2.036540697,2.582350366,120.7384095,33.6275204,0.437726613
9_16_11_1,68.5546875,10.06894825,0,26.35010415,1.239791988,1.936140661,120.6230097,16.9961107,0.247920475
9_7_21_0,66.43334698,60.73647192,30.82706767,95.90960942,2.608582779,3.386435681,120.4700094,33.43571881,0.503297219
9_44_21_2,76.54987838,40.74226295,16.99346405,57.69121896,2.63803759,2.770042774,120.5915577,33.35088498,0.435675218
9_7_11_1,66.796875,45.61986671,25.73529412,65.04160657,2.531576959,2.730142978,120.5635323,37.0470341,0.554622265
9_17_21_0,66.37130485,31.53448894,8.888888889,44.51133808,2.254928747,2.699244526,120.0081048,19.2250201,0.289658613
9_2_11_1,77.96330107,64.84943566,24.83221477,98.92824773,2.626339613,3.237170672,120.1654924,31.16010124,0.399676525
9_2_11_0,77.77016801,51.80498114,20.80536913,108.9825502,2.280044971,3.312185297,120.5203669,30.25158101,0.388986957
9_48_21_0,68.61251237,18.17839902,1.428571429,37.77252585,1.590744532,2.145429419,120.7846647,16.97682964,0.24743052
9_38_21_3,78.57116098,53.61614994,22.43589744,89.14535893,2.620185754,3.200970108,120.7628771,37.73082743,0.480212166
10_40_50_0,65.62172819,26.15884578,6.818181818,43.85370404,2.110787294,2.541593627,120.2126801,19.34024873,0.294723246
10_5_50_0,79.16698203,46.18411255,9.615384615,86.15664346,2.169749355,2.694712217,120.5591379,30.339868,0.383238911
9_24_21_2,76.11012822,44.21116931,22.51655629,66.8646171,2.416195748,3.069100922,120.4182967,30.54490568,0.401325111
9_44_21_1,75.91956192,38.57411279,18.95424837,66.16125884,2.527340557,3.238501174,120.5379819,33.83741955,0.445700933
9_39_11_0,78.37687417,55.94312958,29.29936306,80.64863541,2.637794779,3.346593461,120.3493949,38.92292361,0.496612349
9_17_21_1,65.49746179,28.98376048,7.575757576,31.67084181,2.326207469,2.317917496,120.263834,17.00354685,0.259606195
9_16_11_0,66.796875,11.52642987,0.746268657,24.42288958,0.785221199,1.612984629,120.2959311,14.18411909,0.212347046
9_78_21_0,61.27465137,48.33985079,26.19047619,89.05734971,2.269114489,3.270068954,120.5263401,16.0369511,0.261722437
9_40_11_1,64.17874946,37.32037347,12.97709924,67.77433673,2.4478864,2.977544012,120.8118285,19.52131676,0.304171037
9_48_21_3,69.49126719,15.68491831,1.428571429,25.24062238,1.571887795,2.264633761,120.6103993,17.56367155,0.252746457
9_16_21_1,68.85153441,14.87409249,0.71942446,33.77415699,1.616746617,2.619599383,120.8295867,19.79730176,0.287536101
9_78_21_6,60.32223413,53.25893612,26.2295082,70.70197871,2.589708138,3.033225003,120.7786119,14.94288742,0.247717738
9_11_21_4,74.60229779,41.490318,19.46308725,74.83527632,2.555724816,3.088986023,120.6782064,30.70458843,0.41157698
10_40_50_1,63.75307668,31.73391167,10.76923077,49.95416758,2.437392406,2.823423878,120.5240377,18.29763849,0.287007929
9_8_21_0,79.12315572,41.53056077,16.02564103,84.76858503,2.54523278,3.031255347,120.649006,24.18142674,0.305617572
9_2_21_1,74.24929306,47.83065744,20.68965517,97.70426511,2.411821463,3.26039791,120.1481192,26.57989545,0.357981798
9_63_21_0,74.70703125,57.72128574,32.87671233,100.6689504,2.815686067,3.219182073,120.3501791,29.5273077,0.395241347
10_40_50_3,62.63235659,34.91013836,10.15625,61.92251003,2.197071369,2.920235985,120.5585544,17.38431999,0.277561327
9_78_21_4,58.49572537,54.16148353,27.5,71.96361454,2.56490306,3.064999019,121.0852957,14.39834524,0.246143545
9_13_11_2,66.38250083,62.47501328,25.21008403,81.28331014,2.65274595,3.35084614,120.1282644,21.27506499,0.320492068
9_45_11_0,75.88899573,50.10157233,19.31034483,100.2631812,2.44900688,2.965554245,120.6842802,26.53911937,0.349709719
9_11_21_6,73.05142161,38.27199013,18.05555556,55.82136889,2.249994831,2.884335462,120.1413821,27.11895407,0.371231024
10_40_50_2,61.83964104,21.3443997,4,24.58499919,1.695219124,2.142701059,120.3769401,15.91085437,0.257292153
9_19_21_3,66.3607514,38.25613987,13.33333333,57.06475261,2.099651057,2.908081498,120.1949795,21.09817816,0.317931574
9_45_11_2,74.22477252,48.86093321,29.72972973,87.28057659,2.63018207,3.1351394,120.4610257,27.64424789,0.372439644
9_78_21_3,58.85045816,40.18233686,16.52892562,88.46658244,2.115479381,3.147612863,120.9539462,13.63413323,0.231674207
9_78_11_2,59.24891911,34.21166153,12.5,50.24714561,2.251057593,2.323482774,120.9167482,11.92144221,0.201209446
9_38_21_1,74.07997997,48.58724116,25.16556291,79.60877138,2.422477105,3.142786052,120.3909651,33.20676158,0.448255542
9_78_21_2,57.48777496,49.43290462,22.22222222,72.17433241,2.555527038,3.101654751,120.6428349,12.00919244,0.208899935
9_82_11_1,72.69190592,49.85316997,22.75862069,68.43032284,2.573782534,2.926703542,120.6532212,25.19112978,0.346546558
9_78_21_5,56.53911037,51.11811723,24.78632479,80.43917279,2.628528542,3.258334731,120.371205,11.69999025,0.206936228
9_78_11_1,56.25,44.62877703,19.29824561,73.24856864,2.245635596,3.058080489,120.6524724,9.942963204,0.17676379
9_78_21_1,57.12890625,32.20528853,8.547008547,60.93930938,2.192052439,2.600625401,120.4269074,10.63434699,0.186146518
9_65_11_0,77.24985798,51.71925798,25,88.72245151,2.822466355,3.046981555,120.1163359,29.0379409,0.375896366
9_45_11_3,72.94921875,47.04347839,23.61111111,93.69843509,2.581497274,3.108776126,120.115243,28.52367439,0.391007263
9_78_11_0,55.43331136,57.51473808,25.22522523,98.25349986,2.639404469,2.798417091,120.121046,11.47831535,0.207065302
9_39_21_0,73.97854349,59.67401946,32.66666667,80.53572447,2.793731405,3.078358327,120.1132487,35.67899403,0.482288409
