PS-10_001_47_05_28_12_39_18_0,0,415
PS-10_001_47_05_28_12_39_18_1,0,415
PS-10_001_50_05_28_12_47_34_0,0,174
PS-10_002_47_05_28_13_20_43_0,0,404
PS-10_002_47_05_28_13_20_43_1,0,404
PS-10_002_50_05_28_13_29_06_0,3,561
PS-10_002_50_05_28_13_29_06_1,3,561
PS-10_002_50_05_28_13_29_06_2,3,561
PS-10_003_47_05_28_16_04_33_0,0,412
PS-10_003_47_05_28_16_04_33_1,0,412
PS-10_003_50_05_28_16_12_39_0,0,393
PS-10_003_50_05_28_16_12_39_1,0,393
PS-10_004_47_05_28_16_34_06_0,0,416
PS-10_004_47_05_28_16_34_06_1,1,416
PS-10_004_50_05_28_16_43_28_0,1,446
PS-10_004_50_05_28_16_43_28_1,1,446
PS-10_005_47_06_01_13_45_31_0,0,417
PS-10_005_47_06_01_13_45_31_1,0,417
PS-10_005_47_06_01_14_37_37_0,0,413
PS-10_005_47_06_01_14_37_37_1,0,413
PS-10_005_50_06_01_13_53_48_0,0,537
PS-10_005_50_06_01_13_53_48_1,0,537
PS-10_005_50_06_01_13_53_48_2,0,537
PS-10_005_50_06_01_14_45_39_0,1,613
PS-10_005_50_06_01_14_45_39_1,0,613
PS-10_005_50_06_01_14_45_39_2,0,613
PS-10_007_47_05_29_15_55_26_0,0,406
PS-10_007_47_05_29_15_55_26_1,0,406
PS-10_007_50_05_29_16_03_21_0,0,535
PS-10_007_50_05_29_16_03_21_1,0,535
PS-10_007_50_05_29_16_03_21_2,0,535
PS-10_008_47_05_29_16_09_42_0,1,405
PS-10_008_47_05_29_16_09_42_1,0,405
PS-10_008_50_05_29_16_17_23_0,0,303
PS-10_009_47_05_31_20_19_42_0,0,412
PS-10_009_47_05_31_20_19_42_1,0,412
PS-10_009_50_05_31_20_28_01_0,1,393
PS-10_009_50_05_31_20_28_01_1,0,393
PS-10_010_47_05_29_13_00_30_0,0,407
PS-10_010_47_05_29_13_00_30_1,0,407
PS-10_010_50_05_29_13_08_48_0,0,571
PS-10_010_50_05_29_13_08_48_1,0,571
PS-10_010_50_05_29_13_08_48_2,0,571
PS-10_011_47_05_27_10_47_46_0,0,383
PS-10_011_47_05_27_10_47_46_1,0,383
PS-10_011_50_05_27_10_55_24_0,3,436
PS-10_011_50_05_27_10_55_24_1,0,436
PS-10_012_47_05_27_10_41_29_0,0,400
PS-10_012_47_05_27_10_41_29_1,0,400
PS-10_012_50_05_27_10_49_18_0,0,303
PS-10_013_47_05_27_13_39_00_0,0,454
PS-10_013_47_05_27_13_39_00_1,1,454
PS-10_013_47_05_27_13_39_00_2,0,454
PS-10_013_50_05_27_13_47_56_0,0,202
PS-10_014_50_05_27_14_02_07_0,0,300
PS-10_015_47_06_02_13_59_50_0,0,413
PS-10_015_47_06_02_13_59_50_1,0,413
PS-10_015_50_06_02_14_07_59_0,0,539
PS-10_015_50_06_02_14_07_59_1,0,539
PS-10_015_50_06_02_14_07_59_2,0,539
PS-10_016_47_05_31_14_10_46_0,0,405
PS-10_016_47_05_31_14_10_46_1,0,405
PS-10_016_50_05_31_14_18_44_0,0,588
PS-10_016_50_05_31_14_18_44_1,0,588
PS-10_016_50_05_31_14_18_44_2,0,588
PS-10_016_50_05_31_14_18_44_3,0,588
PS-10_017_47_05_27_16_59_12_0,0,412
PS-10_017_47_05_27_16_59_12_1,0,412
PS-10_017_50_05_27_17_07_17_0,0,650
PS-10_017_50_05_27_17_07_17_1,0,650
PS-10_017_50_05_27_17_07_17_2,0,650
PS-10_017_50_05_27_17_07_17_3,2,650
PS-10_018_47_05_27_16_31_52_0,1,412
PS-10_018_47_05_27_16_31_52_1,2,412
PS-10_018_50_05_27_16_39_49_0,0,537
PS-10_018_50_05_27_16_39_49_1,0,537
PS-10_018_50_05_27_16_39_49_2,0,537
PS-10_019_47_05_27_19_27_34_0,0,413
PS-10_019_47_05_27_19_27_34_1,0,413
PS-10_019_47_05_27_19_27_34_2,0,413
PS-10_019_50_05_27_19_35_51_0,0,259
PS-10_019_50_05_27_19_35_51_1,0,259
PS-10_021_47_05_28_20_10_00_0,0,357
PS-10_021_47_05_28_20_10_00_1,1,357
PS-10_022_50_05_28_20_03_30_0,0,266
PS-10_023_47_05_29_20_08_34_0,0,411
PS-10_023_47_05_29_20_08_34_1,0,411
PS-10_023_50_05_29_20_16_47_0,0,538
PS-10_023_50_05_29_20_16_47_1,0,538
PS-10_023_50_05_29_20_16_47_2,0,538
PS-10_024_47_05_29_20_13_09_0,0,406
PS-10_024_47_05_29_20_13_09_1,0,406
PS-10_024_50_05_29_20_21_07_0,0,302
PS-10_025_47_05_31_10_55_49_0,0,412
PS-10_025_47_05_31_10_55_49_1,0,412
PS-10_025_50_05_31_11_04_01_0,0,538
PS-10_025_50_05_31_11_04_01_1,6,538
PS-10_025_50_05_31_11_04_01_2,0,538
PS-10_026_47_06_01_17_12_02_0,0,410
PS-10_026_47_06_01_17_12_02_1,0,410
PS-10_026_50_06_01_17_20_11_0,0,170
PS-10_027_47_05_30_19_54_47_0,0,404
PS-10_027_47_05_30_19_54_47_1,0,404
PS-10_027_50_05_30_20_02_47_0,0,539
PS-10_027_50_05_30_20_02_47_1,0,539
PS-10_027_50_05_30_20_02_47_2,0,539
PS-10_028_47_05_29_13_21_08_0,0,496
PS-10_028_47_05_29_13_21_08_1,1,496
PS-10_028_47_05_29_13_21_08_2,0,496
PS-10_028_50_05_29_13_30_42_0,0,541
PS-10_028_50_05_29_13_30_42_1,0,541
PS-10_028_50_05_29_13_30_42_2,0,541
PS-10_029_50_05_30_13_49_54_0,0,341
PS-10_029_50_05_30_13_49_54_1,0,341
PS-10_030_47_05_30_14_13_40_0,0,360
PS-10_030_47_05_30_14_13_40_1,0,360
PS-10_030_50_05_30_14_20_44_0,0,294
PS-10_031_47_05_31_14_20_05_0,0,413
PS-10_031_47_05_31_14_20_05_1,0,413
PS-10_031_50_05_31_14_28_30_0,0,539
PS-10_031_50_05_31_14_28_30_1,0,539
PS-10_031_50_05_31_14_28_30_2,0,539
PS-10_032_47_05_31_16_34_00_0,0,414
PS-10_032_47_05_31_16_34_00_1,0,414
PS-10_032_50_05_31_16_42_14_0,0,243
PS-10_033_47_05_31_17_11_18_0,0,410
PS-10_033_47_05_31_17_11_18_1,0,410
PS-10_033_50_05_31_17_19_45_0,0,538
PS-10_033_50_05_31_17_19_45_1,0,538
PS-10_033_50_05_31_17_19_45_2,0,538
PS-10_035_47_06_01_10_33_47_0,0,414
PS-10_035_47_06_01_10_33_47_1,0,414
PS-10_035_50_06_01_10_42_43_0,0,573
PS-10_035_50_06_01_10_42_43_1,0,573
PS-10_035_50_06_01_10_42_43_2,0,573
PS-10_036_47_06_02_10_13_30_0,0,412
PS-10_036_47_06_02_10_13_30_1,0,412
PS-10_036_50_06_02_10_21_49_0,0,293
PS-10_037_47_06_01_11_21_49_0,0,403
PS-10_037_47_06_01_11_21_49_1,0,403
PS-10_037_50_06_01_11_31_21_0,0,478
PS-10_037_50_06_01_11_31_21_1,0,478
PS-10_037_50_06_01_11_31_21_2,0,478
PS-10_038_47_06_02_10_47_05_0,1,412
PS-10_038_47_06_02_10_47_05_1,0,412
PS-10_038_50_06_02_10_55_01_0,0,259
PS-10_040_47_06_01_19_51_34_0,0,413
PS-10_040_47_06_01_19_51_34_1,0,413
PS-10_040_47_06_01_19_51_34_2,0,413
PS-10_040_50_06_01_20_00_00_0,0,538
PS-10_040_50_06_01_20_00_00_1,0,538
PS-10_040_50_06_01_20_00_00_2,0,538
PS-10_040_50_06_01_20_00_00_3,0,538
PS-10_041_47_05_30_16_56_13_0,0,413
PS-10_041_47_05_30_16_56_13_1,0,413
PS-10_041_50_05_30_17_04_21_0,0,619
PS-10_041_50_05_30_17_04_21_1,0,619
PS-10_041_50_05_30_17_04_21_2,0,619
PS-10_041_50_05_30_17_04_21_3,0,619
PS-10_043_47_06_02_14_18_11_0,0,415
PS-10_043_47_06_02_14_18_11_1,0,415
PS-10_043_47_06_02_14_18_11_2,0,415
PS-10_043_50_06_02_14_26_37_0,0,509
PS-10_043_50_06_02_14_26_37_1,0,509
PS-10_043_50_06_02_14_26_37_2,0,509
PS-10_043_50_06_02_14_26_37_3,0,509
PS-10_044_47_06_02_16_52_03_0,0,386
PS-10_044_47_06_02_16_52_03_1,0,386
PS-10_044_50_06_02_16_59_44_0,0,537
PS-10_044_50_06_02_16_59_44_1,0,537
PS-10_044_50_06_02_16_59_44_2,0,537
PS-10_045_47_06_02_17_13_15_0,0,413
PS-10_045_47_06_02_17_13_15_1,0,413
PS-10_045_50_06_02_17_21_11_0,0,540
PS-10_045_50_06_02_17_21_11_1,0,540
PS-10_045_50_06_02_17_21_11_2,0,540
PS-10_046_47_06_02_19_35_27_0,0,415
PS-10_046_47_06_02_19_35_27_1,0,415
PS-10_046_50_06_02_19_44_18_0,0,264
PS-10_047_47_06_02_19_57_19_0,0,413
PS-10_047_47_06_02_19_57_19_1,0,413
PS-10_047_50_06_02_20_05_31_0,0,572
PS-10_047_50_06_02_20_05_31_1,0,572
PS-10_047_50_06_02_20_05_31_2,0,572
PS-10_048_47_06_13_11_00_08_0,0,406
PS-10_048_47_06_13_11_00_08_1,0,406
PS-10_048_47_06_13_11_00_08_2,0,406
PS-10_048_50_06_13_11_08_26_0,0,731
PS-10_048_50_06_13_11_08_26_1,0,731
PS-10_048_50_06_13_11_08_26_2,0,731
PS-10_048_50_06_13_11_08_26_3,0,731
PS-10_048_50_06_13_11_08_26_4,0,731
PS-10_049_47_06_13_10_50_43_0,0,412
PS-10_049_47_06_13_10_50_43_1,0,412
PS-10_049_50_06_13_10_58_52_0,0,444
PS-10_049_50_06_13_10_58_52_1,0,444
PS-10_050_47_06_13_13_24_52_0,0,412
PS-10_050_47_06_13_13_24_52_1,0,412
PS-10_050_50_06_13_13_32_54_0,0,604
PS-10_050_50_06_13_13_32_54_1,0,604
PS-10_050_50_06_13_13_32_54_2,0,604
PS-10_050_50_06_13_13_32_54_3,0,604
PS-10_051_47_06_13_13_28_04_0,0,409
PS-10_051_47_06_13_13_28_04_1,0,409
PS-10_051_50_06_13_13_36_01_0,0,545
PS-10_051_50_06_13_13_36_01_1,0,545
PS-10_051_50_06_13_13_36_01_2,0,545
PS-10_052_47_06_11_11_16_24_0,0,414
PS-10_052_47_06_11_11_16_24_1,0,414
PS-10_053_47_06_13_16_32_07_0,0,413
PS-10_053_47_06_13_16_32_07_1,0,413
PS-10_053_50_06_13_16_40_20_0,0,496
PS-10_053_50_06_13_16_40_20_1,0,496
PS-10_053_50_06_13_16_40_20_2,0,496
PS-10_054_50_06_13_19_56_31_0,0,496
PS-10_054_50_06_13_19_56_31_1,0,496
PS-10_054_50_06_13_19_56_31_2,0,496
PS-10_055_47_06_18_18_04_26_0,0,368
PS-10_055_47_06_18_18_04_26_1,0,368
PS-10_055_50_06_18_18_11_42_0,1,483
PS-10_055_50_06_18_18_11_42_1,0,483
PS-10_055_50_06_18_18_11_42_2,0,483
PS-10_056_47_06_14_10_49_44_0,0,415
PS-10_056_47_06_14_10_49_44_1,0,415
PS-10_056_50_06_14_10_57_41_0,0,230
PS-10_057_47_06_14_11_29_22_0,0,412
PS-10_057_47_06_14_11_29_22_1,0,412
PS-10_057_50_06_14_11_37_38_0,0,537
PS-10_057_50_06_14_11_37_38_1,0,537
PS-10_057_50_06_14_11_37_38_2,0,537
PS-10_058_47_06_14_13_54_41_0,0,412
PS-10_058_47_06_14_13_54_41_1,0,412
PS-10_058_50_06_14_14_02_54_0,0,506
PS-10_058_50_06_14_14_02_54_1,0,506
PS-10_058_50_06_14_14_02_54_2,0,506
PS-10_059_50_06_14_13_50_44_0,0,482
PS-10_059_50_06_14_13_50_44_1,0,482
PS-10_060_47_06_14_16_38_14_0,0,416
PS-10_060_47_06_14_16_38_14_1,0,416
PS-10_060_50_06_14_16_46_24_0,0,174
PS-10_061_47_06_14_16_52_18_0,0,413
PS-10_061_47_06_14_16_52_18_1,0,413
PS-10_061_50_06_14_17_00_29_0,0,611
PS-10_061_50_06_14_17_00_29_1,0,611
PS-10_061_50_06_14_17_00_29_2,0,611
PS-10_061_50_06_14_17_00_29_3,0,611
PS-10_062_47_06_14_19_25_26_0,0,412
PS-10_062_47_06_14_19_25_26_1,0,412
PS-10_062_50_06_14_19_33_46_0,0,438
PS-10_062_50_06_14_19_33_46_1,0,438
PS-10_063_47_06_14_19_40_50_0,0,403
PS-10_063_47_06_14_19_40_50_1,0,403
PS-10_063_50_06_14_19_48_43_0,0,539
PS-10_063_50_06_14_19_48_43_1,0,539
PS-10_063_50_06_14_19_48_43_2,1,539
PS-10_064_47_06_15_10_24_15_0,0,370
PS-10_064_47_06_15_10_24_15_1,1,370
PS-10_066_50_06_15_13_33_38_0,0,388
PS-10_066_50_06_15_13_33_38_1,0,388
PS-10_067_47_06_15_16_35_22_0,0,413
PS-10_067_47_06_15_16_35_22_1,0,413
PS-10_067_50_06_15_16_43_47_0,0,590
PS-10_067_50_06_15_16_43_47_1,0,590
PS-10_067_50_06_15_16_43_47_2,0,590
PS-10_068_47_06_15_16_42_41_0,0,413
PS-10_068_47_06_15_16_42_41_1,0,413
PS-10_068_50_06_15_16_51_30_0,0,538
PS-10_068_50_06_15_16_51_30_1,0,538
PS-10_068_50_06_15_16_51_30_2,0,538
PS-10_069_47_06_19_19_48_23_0,0,413
PS-10_069_47_06_19_19_48_23_1,0,413
PS-10_069_50_06_19_19_56_16_0,0,537
PS-10_069_50_06_19_19_56_16_1,0,537
PS-10_069_50_06_19_19_56_16_2,0,537
PS-10_070_47_06_26_20_13_46_0,0,413
PS-10_070_47_06_26_20_13_46_1,0,413
PS-10_070_50_06_26_20_21_32_0,0,572
PS-10_070_50_06_26_20_21_32_1,0,572
PS-10_070_50_06_26_20_21_32_2,0,572
PS-10_072_47_06_09_17_17_38_0,0,402
PS-10_072_47_06_09_17_17_38_1,0,402
PS-10_073_47_06_16_11_13_48_0,0,411
PS-10_073_47_06_16_11_13_48_1,0,411
PS-10_073_50_06_16_11_21_40_0,0,568
PS-10_073_50_06_16_11_21_40_1,0,568
PS-10_073_50_06_16_11_21_40_2,0,568
PS-10_074_47_06_16_19_27_31_0,0,414
PS-10_074_47_06_16_19_27_31_1,0,414
PS-10_074_50_06_16_19_35_48_0,0,538
PS-10_074_50_06_16_19_35_48_1,0,538
PS-10_074_50_06_16_19_35_48_2,0,538
PS-10_075_47_06_16_13_59_31_0,0,416
PS-10_075_47_06_16_13_59_31_1,0,416
PS-10_075_50_06_16_14_07_30_0,0,539
PS-10_075_50_06_16_14_07_30_1,2,539
PS-10_075_50_06_16_14_07_30_2,0,539
PS-10_078_50_06_16_19_00_30_0,0,395
PS-10_078_50_06_16_19_00_30_1,0,395
PS-10_078_50_06_16_19_00_30_2,0,395
PS-10_079_47_06_19_14_10_37_0,1,413
PS-10_079_47_06_19_14_10_37_1,0,413
PS-10_079_50_06_19_14_18_25_0,0,321
PS-10_079_50_06_19_14_18_25_1,0,321
PS-10_080_47_06_17_10_56_47_0,1,411
PS-10_080_47_06_17_10_56_47_1,0,411
PS-10_080_50_06_17_11_05_10_0,3,201
PS-10_081_50_06_17_19_30_13_0,0,390
PS-10_081_50_06_17_19_30_13_1,0,390
PS-10_082_47_06_17_13_51_57_0,0,413
PS-10_082_47_06_17_13_51_57_1,4,413
PS-10_082_50_06_17_14_00_48_0,0,295
PS-10_083_47_06_17_14_44_49_0,0,420
PS-10_083_47_06_17_14_44_49_1,0,420
PS-10_083_50_06_17_14_53_15_0,0,572
PS-10_083_50_06_17_14_53_15_1,0,572
PS-10_083_50_06_17_14_53_15_2,1,572
PS-10_084_47_06_17_16_53_39_0,0,412
PS-10_084_47_06_17_16_53_39_1,0,412
PS-10_084_50_06_17_17_01_40_0,14,573
PS-10_084_50_06_17_17_01_40_1,0,573
PS-10_084_50_06_17_17_01_40_2,0,573
PS-10_085_47_06_17_17_03_28_0,0,305
PS-10_085_50_06_17_17_10_46_0,0,234
PS-10_086_47_06_17_11_05_00_0,0,416
PS-10_086_47_06_17_11_05_00_1,0,416
PS-10_086_50_06_17_11_13_01_0,0,295
PS-10_087_47_06_15_19_45_29_0,0,415
PS-10_087_47_06_15_19_45_29_1,0,415
PS-10_087_47_06_15_19_45_29_2,0,415
PS-10_087_50_06_15_19_53_38_0,0,614
PS-10_087_50_06_15_19_53_38_1,0,614
PS-10_087_50_06_15_19_53_38_2,0,614
PS-10_087_50_06_15_19_53_38_3,0,614
PS-10_090_50_06_17_13_02_02_0,0,407
PS-10_090_50_06_17_13_02_02_1,5,407
PS-10_092_47_06_18_20_04_52_0,0,515
PS-10_092_47_06_18_20_04_52_1,0,515
PS-10_092_47_06_18_20_04_52_2,0,515
PS-10_092_50_06_18_20_15_04_0,0,519
PS-10_092_50_06_18_20_15_04_1,0,519
PS-10_092_50_06_18_20_15_04_2,0,519
PS-10_093_47_06_18_20_04_07_0,0,312
PS-10_093_47_06_18_20_04_07_1,0,312
PS-10_093_50_06_18_20_10_47_0,0,568
PS-10_093_50_06_18_20_10_47_1,0,568
PS-10_093_50_06_18_20_10_47_2,0,568
PS-10_094_47_06_19_13_17_20_0,0,284
PS-10_094_50_06_19_13_23_17_0,0,638
PS-10_094_50_06_19_13_23_17_1,0,638
PS-10_094_50_06_19_13_23_17_2,0,638
PS-10_094_50_06_19_13_23_17_3,0,638
PS-10_095_47_06_18_13_40_16_0,0,178
PS-10_095_50_06_18_13_44_46_0,0,324
PS-10_095_50_06_18_13_44_46_1,0,324
PS-10_096_47_06_19_16_37_27_0,0,405
PS-10_096_47_06_19_16_37_27_1,0,405
PS-10_096_50_06_19_16_45_28_0,0,538
PS-10_096_50_06_19_16_45_28_1,0,538
PS-10_096_50_06_19_16_45_28_2,0,538
PS-10_097_47_06_19_16_49_53_0,0,408
PS-10_097_47_06_19_16_49_53_1,0,408
PS-10_097_50_06_19_16_57_50_0,0,571
PS-10_097_50_06_19_16_57_50_1,0,571
PS-10_097_50_06_19_16_57_50_2,0,571
PS-10_098_47_06_19_19_20_35_0,0,322
PS-10_098_47_06_19_19_20_35_1,0,322
PS-10_098_50_06_19_19_27_14_0,0,570
PS-10_098_50_06_19_19_27_14_1,0,570
PS-10_098_50_06_19_19_27_14_2,0,570
PS-10_099_47_06_26_19_12_05_0,0,412
PS-10_099_47_06_26_19_12_05_1,0,412
PS-10_099_50_06_26_19_20_15_0,0,564
PS-10_099_50_06_26_19_20_15_1,0,564
PS-10_099_50_06_26_19_20_15_2,0,564
PS-10_101_47_06_15_11_12_15_0,0,347
PS-10_101_47_06_15_11_12_15_1,0,347
PS-10_101_50_06_15_11_19_38_0,0,173
PS-10_102_47_06_27_10_37_45_0,3,220
PS-10_102_50_06_27_10_42_46_0,0,426
PS-10_102_50_06_27_10_42_46_1,0,426
PS-10_103_47_06_27_10_52_21_0,0,325
PS-10_103_47_06_27_10_52_21_1,0,325
PS-10_103_50_06_27_10_58_55_0,0,299
PS-10_103_50_06_27_10_58_55_1,0,299
PS-10_104_47_07_02_13_26_20_0,0,279
PS-10_104_50_07_02_13_32_12_0,0,291
PS-10_105_47_06_27_13_51_13_0,0,412
PS-10_105_47_06_27_13_51_13_1,0,412
PS-10_105_50_06_27_13_59_26_0,0,333
PS-10_105_50_06_27_13_59_26_1,0,333
PS-10_106_47_06_28_13_58_17_0,0,402
PS-10_106_47_06_28_13_58_17_1,0,402
PS-10_106_50_06_28_14_06_39_0,0,556
PS-10_106_50_06_28_14_06_39_1,0,556
PS-10_106_50_06_28_14_06_39_2,0,556
PS-10_107_47_06_28_14_14_33_0,0,416
PS-10_107_47_06_28_14_14_33_1,0,416
PS-10_107_50_06_28_14_22_54_0,0,565
PS-10_107_50_06_28_14_22_54_1,0,565
PS-10_107_50_06_28_14_22_54_2,0,565
PS-10_108_47_06_28_16_29_15_0,0,442
PS-10_108_47_06_28_16_29_15_1,0,442
PS-10_108_50_06_28_16_37_53_0,0,395
PS-10_108_50_06_28_16_37_53_1,0,395
PS-10_109_47_06_28_17_40_17_0,0,409
PS-10_109_47_06_28_17_40_17_1,0,409
PS-10_113_47_06_28_19_17_00_0,0,413
PS-10_113_47_06_28_19_17_00_1,0,413
PS-10_113_50_06_28_19_24_55_0,0,537
PS-10_113_50_06_28_19_24_55_1,0,537
PS-10_113_50_06_28_19_24_55_2,0,537
PS-10_114_47_07_02_15_53_28_0,0,414
PS-10_114_47_07_02_15_53_28_1,0,414
PS-10_114_50_07_02_16_01_48_0,0,572
PS-10_114_50_07_02_16_01_48_1,0,572
PS-10_114_50_07_02_16_01_48_2,1,572
PS-10_114_50_07_02_16_01_48_3,0,572
PS-9_001_11_05_21_12_08_37_0,0,347
PS-9_001_11_05_21_12_08_37_1,0,347
PS-9_001_21_05_21_12_23_12_0,0,1138
PS-9_001_21_05_21_12_23_12_1,0,1138
PS-9_001_21_05_21_12_23_12_2,0,1138
PS-9_001_21_05_21_12_23_12_3,0,1138
PS-9_001_21_05_21_12_23_12_4,0,1138
PS-9_001_21_05_21_12_23_12_5,0,1138
PS-9_001_21_05_21_12_23_12_6,0,1138
PS-9_001_42_05_21_13_30_00_0,0,207
PS-9_001_45_05_21_13_35_03_0,0,262
PS-9_002_11_05_21_12_05_40_0,0,370
PS-9_002_11_05_21_12_05_40_1,0,370
PS-9_002_21_05_21_12_19_02_0,0,405
PS-9_002_21_05_21_12_19_02_1,0,405
PS-9_002_42_05_21_13_22_46_0,0,212
PS-9_002_45_05_21_13_27_35_0,0,295
PS-9_003_21_05_21_15_06_24_0,0,879
PS-9_003_21_05_21_15_06_24_1,0,879
PS-9_003_21_05_21_15_06_24_2,0,879
PS-9_003_21_05_21_15_06_24_3,0,879
PS-9_003_21_05_21_15_06_24_4,0,879
PS-9_003_42_05_21_16_05_48_0,0,211
PS-9_003_45_05_21_16_10_55_0,0,330
PS-9_004_21_05_21_15_13_29_0,0,1471
PS-9_004_21_05_21_15_13_29_1,0,1471
PS-9_004_21_05_21_15_13_29_2,0,1471
PS-9_004_21_05_21_15_13_29_3,0,1471
PS-9_004_21_05_21_15_13_29_4,0,1471
PS-9_004_21_05_21_15_13_29_5,0,1471
PS-9_004_21_05_21_15_13_29_6,0,1471
PS-9_004_21_05_21_15_13_29_7,0,1471
PS-9_004_21_05_21_15_13_29_8,0,1471
PS-9_004_42_05_21_16_28_33_0,0,209
PS-9_004_45_05_21_16_33_43_0,0,542
PS-9_004_45_05_21_16_33_43_1,0,542
PS-9_004_45_05_21_16_33_43_2,0,542
PS-9_005_11_05_25_12_28_57_0,2,391
PS-9_005_11_05_25_12_28_57_1,0,391
PS-9_005_21_05_25_12_43_49_0,0,1569
PS-9_005_21_05_25_12_43_49_1,0,1569
PS-9_005_21_05_25_12_43_49_2,0,1569
PS-9_005_21_05_25_12_43_49_3,0,1569
PS-9_005_21_05_25_12_43_49_4,0,1569
PS-9_005_21_05_25_12_43_49_5,0,1569
PS-9_005_21_05_25_12_43_49_6,0,1569
PS-9_005_21_05_25_12_43_49_7,0,1569
PS-9_005_42_05_25_14_11_04_0,0,212
PS-9_005_45_05_25_14_16_06_0,0,296
PS-9_006_11_05_25_12_23_59_0,0,469
PS-9_006_11_05_25_12_23_59_1,0,469
PS-9_006_21_05_25_12_36_48_0,0,764
PS-9_006_21_05_25_12_36_48_1,0,764
PS-9_006_21_05_25_12_36_48_2,0,764
PS-9_006_21_05_25_12_36_48_3,0,764
PS-9_006_42_05_25_13_28_18_0,1,208
PS-9_006_45_05_25_13_33_03_0,0,293
PS-9_007_11_05_22_14_41_39_0,1,341
PS-9_007_11_05_22_14_41_39_1,0,341
PS-9_007_21_05_22_14_52_48_0,0,724
PS-9_007_21_05_22_14_52_48_1,0,724
PS-9_007_21_05_22_14_52_48_2,0,724
PS-9_007_21_05_22_14_52_48_3,0,724
PS-9_007_21_05_22_14_52_48_4,0,724
PS-9_007_42_05_22_15_44_23_0,0,208
PS-9_007_45_05_22_15_49_17_0,0,258
PS-9_008_11_05_22_14_55_45_0,4,328
PS-9_008_21_05_22_15_08_02_0,7,1022
PS-9_008_21_05_22_15_08_02_1,0,1022
PS-9_008_21_05_22_15_08_02_2,0,1022
PS-9_008_21_05_22_15_08_02_3,0,1022
PS-9_008_21_05_22_15_08_02_4,0,1022
PS-9_008_21_05_22_15_08_02_5,0,1022
PS-9_008_42_05_22_16_07_08_0,0,208
PS-9_008_45_05_22_16_12_30_0,0,293
PS-9_009_11_05_24_19_02_38_0,0,337
PS-9_009_11_05_24_19_02_38_1,0,337
PS-9_009_21_05_24_19_15_09_0,16,1015
PS-9_009_21_05_24_19_15_09_1,0,1015
PS-9_009_21_05_24_19_15_09_2,0,1015
PS-9_009_21_05_24_19_15_09_3,0,1015
PS-9_009_21_05_24_19_15_09_4,0,1015
PS-9_009_21_05_24_19_15_09_5,1,1015
PS-9_009_42_05_24_20_11_19_0,0,208
PS-9_009_45_05_24_20_16_02_0,0,539
PS-9_009_45_05_24_20_16_02_1,0,539
PS-9_009_45_05_24_20_16_02_2,1,539
PS-9_011_11_05_20_10_03_57_0,0,367
PS-9_011_11_05_20_10_03_57_1,0,367
PS-9_011_21_05_20_10_18_37_0,9,1141
PS-9_011_21_05_20_10_18_37_1,0,1141
PS-9_011_21_05_20_10_18_37_2,0,1141
PS-9_011_21_05_20_10_18_37_3,0,1141
PS-9_011_21_05_20_10_18_37_4,0,1141
PS-9_011_21_05_20_10_18_37_5,0,1141
PS-9_011_21_05_20_10_18_37_6,0,1141
PS-9_011_42_05_20_11_32_47_0,0,210
PS-9_011_45_05_20_11_37_59_0,0,437
PS-9_011_45_05_20_11_37_59_1,0,437
PS-9_012_11_05_20_10_17_29_0,0,376
PS-9_012_11_05_20_10_17_29_1,0,376
PS-9_012_21_05_20_10_48_07_0,0,1003
PS-9_012_21_05_20_10_48_07_1,0,1003
PS-9_012_21_05_20_10_48_07_2,0,1003
PS-9_012_21_05_20_10_48_07_3,0,1003
PS-9_012_21_05_20_10_48_07_4,0,1003
PS-9_012_21_05_20_10_48_07_5,0,1003
PS-9_012_42_05_20_11_57_08_0,0,210
PS-9_012_45_05_20_12_02_42_0,0,541
PS-9_012_45_05_20_12_02_42_1,0,541
PS-9_012_45_05_20_12_02_42_2,0,541
PS-9_013_11_05_20_12_36_20_0,0,596
PS-9_013_11_05_20_12_36_20_1,0,596
PS-9_013_11_05_20_12_36_20_2,1,596
PS-9_013_11_05_20_12_36_20_3,0,596
PS-9_013_21_05_20_12_50_49_0,0,817
PS-9_013_21_05_20_12_50_49_1,0,817
PS-9_013_21_05_20_12_50_49_2,0,817
PS-9_013_21_05_20_12_50_49_3,0,817
PS-9_013_21_05_20_12_50_49_4,2,817
PS-9_013_45_05_20_13_42_39_0,0,205
PS-9_014_11_05_20_13_08_53_0,0,324
PS-9_014_21_05_20_13_19_14_0,1,623
PS-9_014_21_05_20_13_19_14_1,0,623
PS-9_014_21_05_20_13_19_14_2,0,623
PS-9_014_42_05_20_14_12_23_0,0,214
PS-9_014_45_05_20_14_17_36_0,1,321
PS-9_014_45_05_20_14_17_36_1,0,321
PS-9_015_11_05_26_12_55_24_0,0,376
PS-9_015_11_05_26_12_55_24_1,0,376
PS-9_015_21_05_26_13_05_49_0,0,576
PS-9_015_21_05_26_13_05_49_1,0,576
PS-9_015_21_05_26_13_05_49_2,0,576
PS-9_015_42_05_26_13_40_19_0,0,208
PS-9_015_45_05_26_13_45_12_0,0,258
PS-9_016_11_05_24_13_05_22_0,0,313
PS-9_016_11_05_24_13_05_22_1,0,313
PS-9_016_21_05_24_13_17_42_0,0,757
PS-9_016_21_05_24_13_17_42_1,0,757
PS-9_016_21_05_24_13_17_42_2,0,757
PS-9_016_21_05_24_13_17_42_3,0,757
PS-9_016_21_05_24_13_17_42_4,0,757
PS-9_016_42_05_24_14_01_35_0,0,207
PS-9_016_45_05_24_14_06_12_0,0,258
PS-9_017_11_05_20_16_14_37_0,0,332
PS-9_017_11_05_20_16_14_37_1,0,332
PS-9_017_21_05_20_16_25_39_0,0,551
PS-9_017_21_05_20_16_25_39_1,0,551
PS-9_017_21_05_20_16_25_39_2,0,551
PS-9_017_21_05_20_16_25_39_3,0,551
PS-9_017_42_05_20_17_14_34_0,0,210
PS-9_017_45_05_20_17_19_55_0,0,355
PS-9_017_45_05_20_17_19_55_1,0,355
PS-9_018_11_05_20_16_51_00_0,0,356
PS-9_018_11_05_20_16_51_00_1,1,356
PS-9_018_21_05_20_17_01_53_0,0,338
PS-9_018_42_05_20_17_58_14_0,1,209
PS-9_018_45_05_20_18_03_07_0,0,258
PS-9_019_11_05_20_18_26_19_0,0,316
PS-9_019_11_05_20_18_26_19_1,0,316
PS-9_019_21_05_20_18_38_01_0,0,736
PS-9_019_21_05_20_18_38_01_1,0,736
PS-9_019_21_05_20_18_38_01_2,0,736
PS-9_019_21_05_20_18_38_01_3,0,736
PS-9_019_21_05_20_18_38_01_4,0,736
PS-9_019_42_05_20_19_34_20_0,0,210
PS-9_019_45_05_20_19_39_37_0,0,295
PS-9_019_45_05_20_19_39_37_1,0,295
PS-9_020_11_05_20_19_05_01_0,0,331
PS-9_020_11_05_20_19_05_01_1,0,331
PS-9_020_42_05_20_19_46_59_0,0,207
PS-9_020_45_05_20_19_51_26_0,0,314
PS-9_020_45_05_20_19_51_26_1,0,314
PS-9_021_11_05_21_18_48_03_0,0,448
PS-9_021_11_05_21_18_48_03_1,0,448
PS-9_021_21_05_21_19_03_08_0,0,1119
PS-9_021_21_05_21_19_03_08_1,6,1119
PS-9_021_21_05_21_19_03_08_2,0,1119
PS-9_021_21_05_21_19_03_08_3,0,1119
PS-9_021_21_05_21_19_03_08_4,0,1119
PS-9_021_21_05_21_19_03_08_5,0,1119
PS-9_021_21_05_21_19_03_08_6,0,1119
PS-9_021_42_05_21_19_56_51_0,0,208
PS-9_021_45_05_21_20_02_01_0,0,259
PS-9_022_11_05_21_18_40_14_0,0,318
PS-9_022_11_05_21_18_40_14_1,0,318
PS-9_022_21_05_21_18_50_46_0,0,880
PS-9_022_21_05_21_18_50_46_1,0,880
PS-9_022_21_05_21_18_50_46_2,0,880
PS-9_022_21_05_21_18_50_46_3,0,880
PS-9_022_21_05_21_18_50_46_4,0,880
PS-9_022_42_05_21_19_57_23_0,0,208
PS-9_022_45_05_21_20_02_26_0,0,293
PS-9_023_11_05_22_19_01_18_0,0,312
PS-9_023_21_05_22_19_13_58_0,0,1536
PS-9_023_21_05_22_19_13_58_1,0,1536
PS-9_023_21_05_22_19_13_58_2,0,1536
PS-9_023_21_05_22_19_13_58_3,0,1536
PS-9_023_21_05_22_19_13_58_4,0,1536
PS-9_023_21_05_22_19_13_58_5,0,1536
PS-9_023_21_05_22_19_13_58_6,0,1536
PS-9_023_21_05_22_19_13_58_7,0,1536
PS-9_023_21_05_22_19_13_58_8,0,1536
PS-9_023_42_05_22_20_27_13_0,0,209
PS-9_023_45_05_22_20_33_33_0,0,260
PS-9_024_11_05_22_18_38_59_0,2,327
PS-9_024_21_05_22_18_55_08_0,1,923
PS-9_024_21_05_22_18_55_08_1,0,923
PS-9_024_21_05_22_18_55_08_2,0,923
PS-9_024_21_05_22_18_55_08_3,0,923
PS-9_024_21_05_22_18_55_08_4,0,923
PS-9_024_42_05_22_19_47_58_0,0,209
PS-9_024_45_05_22_19_52_41_0,0,310
PS-9_024_45_05_22_19_52_41_1,0,310
PS-9_028_11_05_22_12_17_28_0,0,340
PS-9_028_11_05_22_12_17_28_1,0,340
PS-9_028_21_05_22_12_30_14_0,0,695
PS-9_028_21_05_22_12_30_14_1,0,695
PS-9_028_21_05_22_12_30_14_2,0,695
PS-9_028_21_05_22_12_30_14_3,0,695
PS-9_028_42_05_22_13_14_23_0,0,208
PS-9_028_45_05_22_13_19_26_0,0,539
PS-9_028_45_05_22_13_19_26_1,0,539
PS-9_028_45_05_22_13_19_26_2,0,539
PS-9_029_11_05_23_12_33_06_0,3,349
PS-9_029_11_05_23_12_33_06_1,0,349
PS-9_029_42_05_23_13_33_17_0,0,209
PS-9_030_11_05_23_13_09_58_0,0,322
PS-9_030_11_05_23_13_09_58_1,0,322
PS-9_030_21_05_23_13_23_21_0,2,357
PS-9_030_21_05_23_13_23_21_1,3,357
PS-9_030_42_05_23_14_17_08_0,0,208
PS-9_030_45_05_23_14_21_53_0,0,302
PS-9_031_11_05_24_12_35_03_0,0,318
PS-9_031_21_05_24_12_50_15_0,0,1174
PS-9_031_21_05_24_12_50_15_1,0,1174
PS-9_031_21_05_24_12_50_15_2,0,1174
PS-9_031_21_05_24_12_50_15_3,0,1174
PS-9_031_21_05_24_12_50_15_4,0,1174
PS-9_031_21_05_24_12_50_15_5,0,1174
PS-9_031_21_05_24_12_50_15_6,0,1174
PS-9_031_42_05_24_14_10_04_0,0,207
PS-9_031_45_05_24_14_15_21_0,2,318
PS-9_031_45_05_24_14_15_21_1,2,318
PS-9_032_11_05_24_15_30_08_0,0,334
PS-9_032_11_05_24_15_30_08_1,0,334
PS-9_032_21_05_24_15_47_45_0,0,1165
PS-9_032_21_05_24_15_47_45_1,0,1165
PS-9_032_21_05_24_15_47_45_2,0,1165
PS-9_032_21_05_24_15_47_45_3,0,1165
PS-9_032_21_05_24_15_47_45_4,0,1165
PS-9_032_21_05_24_15_47_45_5,0,1165
PS-9_032_21_05_24_15_47_45_6,0,1165
PS-9_032_42_05_24_16_58_58_0,0,209
PS-9_032_45_05_24_17_04_30_0,0,297
PS-9_033_11_05_24_16_01_19_0,0,467
PS-9_033_11_05_24_16_01_19_1,0,467
PS-9_033_11_05_24_16_01_19_2,0,467
PS-9_033_21_05_24_16_15_31_0,0,614
PS-9_033_21_05_24_16_15_31_1,0,614
PS-9_033_21_05_24_16_15_31_2,0,614
PS-9_033_21_05_24_16_15_31_3,0,614
PS-9_033_42_05_24_16_56_19_0,0,208
PS-9_033_45_05_24_17_00_53_0,0,263
PS-9_034_11_05_24_18_39_18_0,0,368
PS-9_034_11_05_24_18_39_18_1,0,368
PS-9_034_21_05_24_18_51_16_0,0,1245
PS-9_034_21_05_24_18_51_16_1,0,1245
PS-9_034_21_05_24_18_51_16_2,0,1245
PS-9_034_21_05_24_18_51_16_3,0,1245
PS-9_034_21_05_24_18_51_16_4,0,1245
PS-9_034_21_05_24_18_51_16_5,0,1245
PS-9_034_21_05_24_18_51_16_6,0,1245
PS-9_034_42_05_24_20_02_02_0,0,209
PS-9_034_45_05_24_20_08_10_0,3,539
PS-9_034_45_05_24_20_08_10_1,0,539
PS-9_034_45_05_24_20_08_10_2,0,539
PS-9_035_11_05_25_09_23_09_0,0,365
PS-9_035_11_05_25_09_23_09_1,0,365
PS-9_035_21_05_25_09_37_40_0,0,1075
PS-9_035_21_05_25_09_37_40_1,0,1075
PS-9_035_21_05_25_09_37_40_2,0,1075
PS-9_035_21_05_25_09_37_40_3,0,1075
PS-9_035_21_05_25_09_37_40_4,0,1075
PS-9_035_21_05_25_09_37_40_5,0,1075
PS-9_035_42_05_25_10_41_10_0,0,210
PS-9_035_45_05_25_10_46_46_0,0,296
PS-9_036_11_05_25_15_09_35_0,0,526
PS-9_036_11_05_25_15_09_35_1,0,526
PS-9_036_11_05_25_15_09_35_2,0,526
PS-9_036_21_05_25_15_22_56_0,0,547
PS-9_036_21_05_25_15_22_56_1,0,547
PS-9_036_21_05_25_15_22_56_2,0,547
PS-9_036_42_05_25_16_02_36_0,0,207
PS-9_036_45_05_25_16_07_16_0,0,337
PS-9_036_45_05_25_16_07_16_1,0,337
PS-9_037_11_05_25_10_04_50_0,0,443
PS-9_037_11_05_25_10_04_50_1,0,443
PS-9_037_21_05_25_10_20_07_0,0,702
PS-9_037_21_05_25_10_20_07_1,0,702
PS-9_037_21_05_25_10_20_07_2,0,702
PS-9_037_21_05_25_10_20_07_3,0,702
PS-9_037_42_05_25_11_02_14_0,1,211
PS-9_037_45_05_25_11_07_21_0,0,309
PS-9_038_11_05_25_15_23_12_0,1,321
PS-9_038_21_05_25_15_32_57_0,0,931
PS-9_038_21_05_25_15_32_57_1,0,931
PS-9_038_21_05_25_15_32_57_2,0,931
PS-9_038_21_05_25_15_32_57_3,0,931
PS-9_038_21_05_25_15_32_57_4,2,931
PS-9_038_42_05_25_16_20_05_0,0,207
PS-9_039_11_05_25_18_54_25_0,0,338
PS-9_039_11_05_25_18_54_25_1,0,338
PS-9_039_21_05_25_19_06_08_0,0,555
PS-9_039_21_05_25_19_06_08_1,0,555
PS-9_039_21_05_25_19_06_08_2,0,555
PS-9_039_45_05_25_19_52_58_0,0,547
PS-9_039_45_05_25_19_52_58_1,0,547
PS-9_039_45_05_25_19_52_58_2,2,547
PS-9_040_11_05_25_19_13_43_0,0,318
PS-9_040_11_05_25_19_13_43_1,0,318
PS-9_040_21_05_25_19_24_51_0,0,528
PS-9_040_21_05_25_19_24_51_1,0,528
PS-9_040_21_05_25_19_24_51_2,0,528
PS-9_040_42_05_25_20_09_00_0,0,206
PS-9_040_45_05_25_20_13_38_0,0,293
PS-9_040_45_05_25_20_13_38_1,0,293
PS-9_041_11_05_23_15_49_17_0,0,317
PS-9_041_11_05_23_15_49_17_1,0,317
PS-9_043_11_05_26_12_30_07_0,0,319
PS-9_043_11_05_26_12_30_07_1,0,319
PS-9_043_21_05_26_12_40_08_0,0,830
PS-9_043_21_05_26_12_40_08_1,0,830
PS-9_043_21_05_26_12_40_08_2,0,830
PS-9_043_21_05_26_12_40_08_3,0,830
PS-9_043_21_05_26_12_40_08_4,0,830
PS-9_043_21_05_26_12_40_08_5,0,830
PS-9_043_42_05_26_13_31_20_0,0,208
PS-9_043_45_05_26_13_38_39_0,0,294
PS-9_043_45_05_26_13_38_39_1,0,294
PS-9_044_11_05_26_15_27_59_0,0,329
PS-9_044_11_05_26_15_27_59_1,0,329
PS-9_044_21_05_26_15_38_11_0,0,1013
PS-9_044_21_05_26_15_38_11_1,0,1013
PS-9_044_21_05_26_15_38_11_2,0,1013
PS-9_044_21_05_26_15_38_11_3,0,1013
PS-9_044_21_05_26_15_38_11_4,1,1013
PS-9_044_21_05_26_15_38_11_5,0,1013
PS-9_044_42_05_26_16_27_43_0,0,210
PS-9_044_45_05_26_16_32_51_0,0,295
PS-9_045_11_05_26_15_57_28_0,0,609
PS-9_045_11_05_26_15_57_28_1,0,609
PS-9_045_11_05_26_15_57_28_2,0,609
PS-9_045_11_05_26_15_57_28_3,0,609
PS-9_045_21_05_26_16_12_50_0,0,694
PS-9_045_21_05_26_16_12_50_1,0,694
PS-9_045_21_05_26_16_12_50_2,0,694
PS-9_045_21_05_26_16_12_50_3,0,694
PS-9_045_42_05_26_16_50_46_0,0,208
PS-9_045_45_05_26_16_55_20_0,0,339
PS-9_045_45_05_26_16_55_20_1,0,339
PS-9_046_11_05_26_18_18_28_0,0,386
PS-9_046_11_05_26_18_18_28_1,0,386
PS-9_046_21_05_26_18_31_38_0,0,823
PS-9_046_21_05_26_18_31_38_1,0,823
PS-9_046_21_05_26_18_31_38_2,0,823
PS-9_046_21_05_26_18_31_38_3,0,823
PS-9_046_21_05_26_18_31_38_4,0,823
PS-9_046_42_05_26_19_23_47_0,0,208
PS-9_046_45_05_26_19_29_08_0,0,540
PS-9_046_45_05_26_19_29_08_1,0,540
PS-9_046_45_05_26_19_29_08_2,0,540
PS-9_047_11_05_26_19_07_49_0,0,327
PS-9_047_21_05_26_19_18_44_0,0,818
PS-9_047_21_05_26_19_18_44_1,0,818
PS-9_047_21_05_26_19_18_44_2,0,818
PS-9_047_21_05_26_19_18_44_3,0,818
PS-9_047_42_05_26_20_09_04_0,0,207
PS-9_047_45_05_26_20_13_42_0,0,294
PS-9_048_21_06_06_10_05_05_0,0,676
PS-9_048_21_06_06_10_05_05_1,0,676
PS-9_048_21_06_06_10_05_05_2,0,676
PS-9_048_21_06_06_10_05_05_3,0,676
PS-9_048_42_06_06_10_50_24_0,0,208
PS-9_048_45_06_06_10_55_40_0,0,312
PS-9_048_45_06_06_10_55_40_1,0,312
PS-9_049_11_06_06_10_11_24_0,0,334
PS-9_049_21_06_06_10_23_56_0,0,1045
PS-9_049_21_06_06_10_23_56_1,0,1045
PS-9_049_21_06_06_10_23_56_2,0,1045
PS-9_049_21_06_06_10_23_56_3,0,1045
PS-9_049_21_06_06_10_23_56_4,0,1045
PS-9_049_21_06_06_10_23_56_5,0,1045
PS-9_049_42_06_06_11_15_19_0,0,208
PS-9_049_45_06_06_11_20_29_0,0,261
PS-9_050_21_06_06_12_55_21_0,0,579
PS-9_050_21_06_06_12_55_21_1,0,579
PS-9_050_21_06_06_12_55_21_2,0,579
PS-9_050_42_06_06_13_33_46_0,0,209
PS-9_050_45_06_06_13_38_32_0,0,296
PS-9_051_21_06_06_13_29_07_0,0,675
PS-9_051_21_06_06_13_29_07_1,0,675
PS-9_051_21_06_06_13_29_07_2,0,675
PS-9_051_21_06_06_13_29_07_3,0,675
PS-9_051_42_06_06_14_16_19_0,1,208
PS-9_051_45_06_06_14_21_25_0,0,258
PS-9_052_11_06_06_15_18_45_0,0,340
PS-9_052_11_06_06_15_18_45_1,0,340
PS-9_052_21_06_06_15_30_00_0,0,598
PS-9_052_21_06_06_15_30_00_1,0,598
PS-9_052_21_06_06_15_30_00_2,0,598
PS-9_052_21_06_06_15_30_00_3,0,598
PS-9_052_42_06_06_16_28_36_0,0,209
PS-9_052_45_06_06_16_33_26_0,0,333
PS-9_052_45_06_06_16_33_26_1,1,333
PS-9_053_11_06_06_15_40_23_0,0,400
PS-9_053_11_06_06_15_40_23_1,0,400
PS-9_053_21_06_06_15_57_06_0,0,660
PS-9_053_21_06_06_15_57_06_1,0,660
PS-9_053_21_06_06_15_57_06_2,0,660
PS-9_053_21_06_06_15_57_06_3,0,660
PS-9_053_42_06_06_16_42_06_0,0,211
PS-9_053_45_06_06_16_47_09_0,4,259
PS-9_054_11_06_06_18_15_44_0,0,398
PS-9_054_11_06_06_18_15_44_1,0,398
PS-9_054_21_06_06_18_30_23_0,0,579
PS-9_054_21_06_06_18_30_23_1,0,579
PS-9_054_21_06_06_18_30_23_2,0,579
PS-9_054_42_06_06_19_20_11_0,0,215
PS-9_054_45_06_06_19_25_00_0,1,538
PS-9_054_45_06_06_19_25_00_1,0,538
PS-9_054_45_06_06_19_25_00_2,1,538
PS-9_055_11_06_06_18_53_38_0,0,316
PS-9_055_11_06_06_18_53_38_1,0,316
PS-9_055_21_06_06_19_08_54_0,0,627
PS-9_055_21_06_06_19_08_54_1,0,627
PS-9_055_21_06_06_19_08_54_2,0,627
PS-9_055_21_06_06_19_08_54_3,0,627
PS-9_055_42_06_06_19_54_25_0,0,206
PS-9_055_45_06_06_19_59_17_0,0,301
PS-9_056_11_06_07_09_36_59_0,0,350
PS-9_056_11_06_07_09_36_59_1,0,350
PS-9_056_21_06_07_09_55_18_0,0,1147
PS-9_056_21_06_07_09_55_18_1,0,1147
PS-9_056_21_06_07_09_55_18_2,0,1147
PS-9_056_21_06_07_09_55_18_3,0,1147
PS-9_056_21_06_07_09_55_18_4,14,1147
PS-9_056_21_06_07_09_55_18_5,1,1147
PS-9_056_42_06_07_11_14_40_0,0,208
PS-9_056_45_06_07_11_19_38_0,1,259
PS-9_057_11_06_07_09_56_29_0,0,472
PS-9_057_11_06_07_09_56_29_1,0,472
PS-9_057_11_06_07_09_56_29_2,0,472
PS-9_057_21_06_07_10_09_31_0,0,705
PS-9_057_21_06_07_10_09_31_1,0,705
PS-9_057_21_06_07_10_09_31_2,0,705
PS-9_057_21_06_07_10_09_31_3,0,705
PS-9_057_21_06_07_10_09_31_4,0,705
PS-9_057_42_06_07_10_59_09_0,0,206
PS-9_057_45_06_07_11_04_22_0,0,336
PS-9_057_45_06_07_11_04_22_1,0,336
PS-9_058_11_06_07_12_29_53_0,0,392
PS-9_058_11_06_07_12_29_53_1,0,392
PS-9_058_21_06_07_12_40_32_0,0,865
PS-9_058_21_06_07_12_40_32_1,0,865
PS-9_058_21_06_07_12_40_32_2,0,865
PS-9_058_21_06_07_12_40_32_3,0,865
PS-9_058_21_06_07_12_40_32_4,0,865
PS-9_058_42_06_07_13_31_12_0,0,209
PS-9_058_45_06_07_13_37_26_0,0,317
PS-9_058_45_06_07_13_37_26_1,0,317
PS-9_060_11_06_07_15_31_50_0,0,341
PS-9_060_11_06_07_15_31_50_1,0,341
PS-9_060_21_06_07_15_43_04_0,0,548
PS-9_060_21_06_07_15_43_04_1,0,548
PS-9_060_21_06_07_15_43_04_2,0,548
PS-9_060_42_06_07_16_33_38_0,0,207
PS-9_060_45_06_07_16_38_21_0,0,338
PS-9_060_45_06_07_16_38_21_1,0,338
PS-9_061_11_06_07_15_59_09_0,0,610
PS-9_061_11_06_07_15_59_09_1,0,610
PS-9_061_11_06_07_15_59_09_2,0,610
PS-9_061_11_06_07_15_59_09_3,0,610
PS-9_061_21_06_07_16_14_13_0,0,790
PS-9_061_21_06_07_16_14_13_1,0,790
PS-9_061_21_06_07_16_14_13_2,0,790
PS-9_061_21_06_07_16_14_13_3,0,790
PS-9_061_21_06_07_16_14_13_4,0,790
PS-9_061_42_06_07_17_01_23_0,0,208
PS-9_061_45_06_07_17_06_13_0,0,539
PS-9_061_45_06_07_17_06_13_1,0,539
PS-9_061_45_06_07_17_06_13_2,0,539
PS-9_062_11_06_07_18_25_20_0,0,344
PS-9_062_11_06_07_18_25_20_1,0,344
PS-9_062_21_06_07_18_37_13_0,0,930
PS-9_062_21_06_07_18_37_13_1,0,930
PS-9_062_21_06_07_18_37_13_2,0,930
PS-9_062_21_06_07_18_37_13_3,0,930
PS-9_062_21_06_07_18_37_13_4,0,930
PS-9_062_21_06_07_18_37_13_5,0,930
PS-9_062_42_06_07_19_30_09_0,0,209
PS-9_062_45_06_07_19_35_28_0,0,542
PS-9_062_45_06_07_19_35_28_1,0,542
PS-9_062_45_06_07_19_35_28_2,0,542
PS-9_063_11_06_07_18_58_24_0,0,333
PS-9_063_11_06_07_18_58_24_1,0,333
PS-9_063_21_06_07_19_08_02_0,0,656
PS-9_063_21_06_07_19_08_02_1,0,656
PS-9_063_21_06_07_19_08_02_2,0,656
PS-9_063_21_06_07_19_08_02_3,0,656
PS-9_063_42_06_07_19_53_05_0,0,208
PS-9_063_45_06_07_19_57_57_0,0,304
PS-9_064_11_06_08_09_19_50_0,0,310
PS-9_064_21_06_08_09_32_40_0,0,835
PS-9_064_21_06_08_09_32_40_1,0,835
PS-9_064_21_06_08_09_32_40_2,0,835
PS-9_064_21_06_08_09_32_40_3,0,835
PS-9_064_42_06_08_10_22_02_0,0,206
PS-9_064_45_06_08_10_27_36_0,0,291
PS-9_065_11_06_08_09_57_50_0,0,307
PS-9_065_21_06_08_10_10_35_0,0,987
PS-9_065_21_06_08_10_10_35_1,0,987
PS-9_065_21_06_08_10_10_35_2,0,987
PS-9_065_21_06_08_10_10_35_3,0,987
PS-9_065_21_06_08_10_10_35_4,0,987
PS-9_065_21_06_08_10_10_35_5,0,987
PS-9_065_42_06_08_11_28_28_0,0,210
PS-9_065_45_06_08_11_33_52_0,0,295
PS-9_066_11_06_08_12_49_47_0,0,310
PS-9_066_21_06_08_13_01_31_0,0,1024
PS-9_066_21_06_08_13_01_31_1,3,1024
PS-9_066_21_06_08_13_01_31_2,0,1024
PS-9_066_21_06_08_13_01_31_3,0,1024
PS-9_066_21_06_08_13_01_31_4,0,1024
PS-9_066_21_06_08_13_01_31_5,0,1024
PS-9_066_42_06_08_13_54_12_0,0,196
PS-9_066_45_06_08_13_59_48_0,0,234
PS-9_067_11_06_08_13_12_18_0,0,353
PS-9_067_11_06_08_13_12_18_1,0,353
PS-9_067_21_06_08_13_22_53_0,1,849
PS-9_067_21_06_08_13_22_53_1,0,849
PS-9_067_21_06_08_13_22_53_2,0,849
PS-9_067_21_06_08_13_22_53_3,0,849
PS-9_067_21_06_08_13_22_53_4,0,849
PS-9_067_42_06_08_14_19_06_0,0,208
PS-9_067_45_06_08_14_24_23_0,0,297
PS-9_067_45_06_08_14_24_23_1,0,297
PS-9_069_11_06_09_12_19_53_0,0,420
PS-9_069_11_06_09_12_19_53_1,0,420
PS-9_069_21_06_09_12_34_17_0,0,751
PS-9_069_21_06_09_12_34_17_1,0,751
PS-9_069_21_06_09_12_34_17_2,0,751
PS-9_069_21_06_09_12_34_17_3,0,751
PS-9_069_21_06_09_12_34_17_4,0,751
PS-9_069_42_06_09_13_40_22_0,0,208
PS-9_069_45_06_09_13_45_39_0,0,318
PS-9_069_45_06_09_13_45_39_1,0,318
PS-9_070_11_06_15_19_51_33_0,0,317
PS-9_070_11_06_15_19_51_33_1,0,317
PS-9_070_21_06_15_20_00_29_0,0,605
PS-9_070_21_06_15_20_00_29_1,0,605
PS-9_070_21_06_15_20_00_29_2,0,605
PS-9_070_21_06_15_20_00_29_3,0,605
PS-9_070_42_06_15_20_46_00_0,0,210
PS-9_070_45_06_15_20_50_49_0,0,337
PS-9_070_45_06_15_20_50_49_1,0,337
PS-9_072_11_06_16_09_45_43_0,0,357
PS-9_072_11_06_16_09_45_43_1,0,357
PS-9_072_42_06_16_10_31_37_0,1,207
PS-9_072_45_06_16_10_36_55_0,1,289
PS-9_073_11_06_09_09_55_21_0,0,321
PS-9_073_21_06_09_10_06_04_0,0,912
PS-9_073_21_06_09_10_06_04_1,0,912
PS-9_073_21_06_09_10_06_04_2,0,912
PS-9_073_21_06_09_10_06_04_3,0,912
PS-9_073_21_06_09_10_06_04_4,0,912
PS-9_073_42_06_09_11_00_26_0,0,208
PS-9_073_45_06_09_11_05_58_0,0,310
PS-9_075_11_06_09_12_49_52_0,0,324
PS-9_075_11_06_09_12_49_52_1,0,324
PS-9_075_21_06_09_13_01_29_0,0,562
PS-9_075_21_06_09_13_01_29_1,0,562
PS-9_075_21_06_09_13_01_29_2,0,562
PS-9_075_42_06_09_13_54_20_0,6,207
PS-9_075_45_06_09_13_58_49_0,0,344
PS-9_075_45_06_09_13_58_49_1,0,344
PS-9_078_11_06_09_18_09_05_0,0,354
PS-9_078_11_06_09_18_09_05_1,0,354
PS-9_078_11_06_09_18_09_05_2,0,354
PS-9_078_21_06_09_18_24_20_0,0,875
PS-9_078_21_06_09_18_24_20_1,0,875
PS-9_078_21_06_09_18_24_20_2,0,875
PS-9_078_21_06_09_18_24_20_3,0,875
PS-9_078_21_06_09_18_24_20_4,0,875
PS-9_078_21_06_09_18_24_20_5,0,875
PS-9_078_21_06_09_18_24_20_6,0,875
PS-9_078_42_06_09_19_14_27_0,0,208
PS-9_078_45_06_09_19_20_07_0,0,296
PS-9_078_45_06_09_19_20_07_1,0,296
PS-9_079_11_06_09_18_55_19_0,0,367
PS-9_079_11_06_09_18_55_19_1,0,367
PS-9_079_21_06_09_19_07_48_0,0,1418
PS-9_079_21_06_09_19_07_48_1,1,1418
PS-9_079_21_06_09_19_07_48_2,2,1418
PS-9_079_21_06_09_19_07_48_3,1,1418
PS-9_079_21_06_09_19_07_48_4,7,1418
PS-9_079_21_06_09_19_07_48_5,0,1418
PS-9_079_21_06_09_19_07_48_6,0,1418
PS-9_079_21_06_09_19_07_48_7,0,1418
PS-9_079_42_06_09_20_10_48_0,0,208
PS-9_079_45_06_09_20_15_44_0,0,260
PS-9_080_11_06_10_09_23_36_0,0,283
PS-9_080_21_06_10_09_36_35_0,0,1031
PS-9_080_21_06_10_09_36_35_1,0,1031
PS-9_080_21_06_10_09_36_35_2,0,1031
PS-9_080_21_06_10_09_36_35_3,0,1031
PS-9_080_21_06_10_09_36_35_4,0,1031
PS-9_080_21_06_10_09_36_35_5,0,1031
PS-9_080_42_06_10_10_39_40_0,0,207
PS-9_080_45_06_10_10_44_44_0,0,306
PS-9_081_11_06_11_16_06_45_0,0,331
PS-9_081_11_06_11_16_06_45_1,0,331
PS-9_081_21_06_11_16_17_50_0,0,575
PS-9_081_21_06_11_16_17_50_1,0,575
PS-9_081_21_06_11_16_17_50_2,0,575
PS-9_081_42_06_11_16_52_19_0,0,177
PS-9_081_45_06_11_16_56_17_0,0,161
PS-9_082_11_06_10_12_36_54_0,0,316
PS-9_082_11_06_10_12_36_54_1,0,316
