PS-10_001_47_05_28_12_39_18_0,23.600501369229324
PS-10_001_47_05_28_12_39_18_1,24.642741710581678
PS-10_001_50_05_28_12_47_34_0,25.87517580304827
PS-10_002_47_05_28_13_20_43_0,32.99798502604167
PS-10_002_47_05_28_13_20_43_1,33.970941378275555
PS-10_002_50_05_28_13_29_06_0,41.06329800532414
PS-10_002_50_05_28_13_29_06_1,38.38198828085875
PS-10_002_50_05_28_13_29_06_2,39.53424509221857
PS-10_003_47_05_28_16_04_33_0,39.3637975915078
PS-10_003_47_05_28_16_04_33_1,34.607413440555725
PS-10_003_50_05_28_16_12_39_0,37.346375135505724
PS-10_003_50_05_28_16_12_39_1,35.436167257803454
PS-10_004_47_05_28_16_34_06_0,39.688244074041194
PS-10_004_47_05_28_16_34_06_1,39.11197806282277
PS-10_004_50_05_28_16_43_28_0,40.065413963227044
PS-10_004_50_05_28_16_43_28_1,40.73002786151434
PS-10_005_47_06_01_13_45_31_0,35.19821407385832
PS-10_005_47_06_01_13_45_31_1,34.653669322620736
PS-10_005_47_06_01_14_37_37_0,29.195838649098466
PS-10_005_47_06_01_14_37_37_1,31.336016397990154
PS-10_005_50_06_01_13_53_48_0,38.7508955226225
PS-10_005_50_06_01_13_53_48_1,33.848885045249084
PS-10_005_50_06_01_13_53_48_2,36.232064635254616
PS-10_005_50_06_01_14_45_39_0,30.3398680049143
PS-10_005_50_06_01_14_45_39_1,30.95184918391852
PS-10_005_50_06_01_14_45_39_2,28.977336592790557
PS-10_007_47_05_29_15_55_26_0,34.28845248607375
PS-10_007_47_05_29_15_55_26_1,34.79430127588118
PS-10_007_50_05_29_16_03_21_0,33.750229616342864
PS-10_007_50_05_29_16_03_21_1,33.92921028861517
PS-10_007_50_05_29_16_03_21_2,37.00787119118564
PS-10_008_47_05_29_16_09_42_0,37.278264813809784
PS-10_008_47_05_29_16_09_42_1,36.244550947159055
PS-10_008_50_05_29_16_17_23_0,34.43187351550086
PS-10_009_47_05_31_20_19_42_0,29.25858726248836
PS-10_009_47_05_31_20_19_42_1,27.100259510246484
PS-10_009_50_05_31_20_28_01_0,35.83040139186813
PS-10_009_50_05_31_20_28_01_1,32.246821546554564
PS-10_010_47_05_29_13_00_30_0,37.03545204149623
PS-10_010_47_05_29_13_00_30_1,33.165945162439044
PS-10_010_50_05_29_13_08_48_0,33.116855573050586
PS-10_010_50_05_29_13_08_48_1,33.320669198805284
PS-10_010_50_05_29_13_08_48_2,34.20136971413335
PS-10_011_47_05_27_10_47_46_0,29.405290215220674
PS-10_011_47_05_27_10_47_46_1,30.949984645211934
PS-10_011_50_05_27_10_55_24_0,32.27232579181069
PS-10_011_50_05_27_10_55_24_1,32.06252511991124
PS-10_012_47_05_27_10_41_29_0,29.930059622533573
PS-10_012_47_05_27_10_41_29_1,33.08169499797934
PS-10_012_50_05_27_10_49_18_0,30.857891901870445
PS-10_013_47_05_27_13_39_00_0,29.651409214045724
PS-10_013_47_05_27_13_39_00_1,31.8484762852488
PS-10_013_47_05_27_13_39_00_2,29.56889754125517
PS-10_013_50_05_27_13_47_56_0,28.497495969136555
PS-10_014_50_05_27_14_02_07_0,32.44058056119122
PS-10_015_47_06_02_13_59_50_0,28.800427118937176
PS-10_015_47_06_02_13_59_50_1,32.13778042793274
PS-10_015_50_06_02_14_07_59_0,30.59038900004493
PS-10_015_50_06_02_14_07_59_1,30.02894095059099
PS-10_015_50_06_02_14_07_59_2,30.714508185515534
PS-10_016_47_05_31_14_10_46_0,12.830860520998637
PS-10_016_47_05_31_14_10_46_1,25.261123133985787
PS-10_016_50_05_31_14_18_44_0,21.234663814103524
PS-10_016_50_05_31_14_18_44_1,17.423988577392365
PS-10_016_50_05_31_14_18_44_2,19.7054622323363
PS-10_016_50_05_31_14_18_44_3,17.539836257481745
PS-10_017_47_05_27_16_59_12_0,23.99439525604248
PS-10_017_47_05_27_16_59_12_1,20.287395852187583
PS-10_017_50_05_27_17_07_17_0,24.25708236560955
PS-10_017_50_05_27_17_07_17_1,24.907571494579315
PS-10_017_50_05_27_17_07_17_2,23.016218929426046
PS-10_017_50_05_27_17_07_17_3,26.599747952487732
PS-10_018_47_05_27_16_31_52_0,37.026755039047146
PS-10_018_47_05_27_16_31_52_1,37.17188582700842
PS-10_018_50_05_27_16_39_49_0,38.64642772059287
PS-10_018_50_05_27_16_39_49_1,39.588398694992065
PS-10_018_50_05_27_16_39_49_2,38.43274860269219
PS-10_019_47_05_27_19_27_34_0,14.604722162263583
PS-10_019_47_05_27_19_27_34_1,12.93177048436233
PS-10_019_47_05_27_19_27_34_2,13.048115764345441
PS-10_019_50_05_27_19_35_51_0,15.91602541080543
PS-10_019_50_05_27_19_35_51_1,16.34702672399916
PS-10_021_47_05_28_20_10_00_0,37.604529866632426
PS-10_021_47_05_28_20_10_00_1,37.44863478545171
PS-10_022_50_05_28_20_03_30_0,26.95776412165757
PS-10_023_47_05_29_20_08_34_0,24.678908345026848
PS-10_023_47_05_29_20_08_34_1,29.097718772648264
PS-10_023_50_05_29_20_16_47_0,28.30458196205429
PS-10_023_50_05_29_20_16_47_1,25.65412005625273
PS-10_023_50_05_29_20_16_47_2,29.789546054086568
PS-10_024_47_05_29_20_13_09_0,29.282345563173294
PS-10_024_47_05_29_20_13_09_1,32.71537378372685
PS-10_024_50_05_29_20_21_07_0,35.10614221236285
PS-10_025_47_05_31_10_55_49_0,18.95247605402176
PS-10_025_47_05_31_10_55_49_1,19.264855136610056
PS-10_025_50_05_31_11_04_01_0,16.74905709879739
PS-10_025_50_05_31_11_04_01_1,23.08813434251597
PS-10_025_50_05_31_11_04_01_2,19.175050150739015
PS-10_026_47_06_01_17_12_02_0,19.569432560488476
PS-10_026_47_06_01_17_12_02_1,23.138736391067503
PS-10_026_50_06_01_17_20_11_0,18.95460451199458
PS-10_027_47_05_30_19_54_47_0,29.932451012846713
PS-10_027_47_05_30_19_54_47_1,30.61796327506971
PS-10_027_50_05_30_20_02_47_0,29.868586961914893
PS-10_027_50_05_30_20_02_47_1,28.89880267433498
PS-10_027_50_05_30_20_02_47_2,27.8453924959938
PS-10_028_47_05_29_13_21_08_0,29.85206700609876
PS-10_028_47_05_29_13_21_08_1,28.324320163726806
PS-10_028_47_05_29_13_21_08_2,27.843336320081296
PS-10_028_50_05_29_13_30_42_0,28.961701928415607
PS-10_028_50_05_29_13_30_42_1,26.888604000995034
PS-10_028_50_05_29_13_30_42_2,26.04418258917959
PS-10_029_50_05_30_13_49_54_0,31.39809072701035
PS-10_029_50_05_30_13_49_54_1,35.06328111005253
PS-10_030_47_05_30_14_13_40_0,21.601168021259692
PS-10_030_47_05_30_14_13_40_1,21.86403602158942
PS-10_030_50_05_30_14_20_44_0,27.645448167339648
PS-10_031_47_05_31_14_20_05_0,26.336124601818266
PS-10_031_47_05_31_14_20_05_1,24.96784593008615
PS-10_031_50_05_31_14_28_30_0,25.01340744712136
PS-10_031_50_05_31_14_28_30_1,25.38717234134674
PS-10_031_50_05_31_14_28_30_2,26.321941636403402
PS-10_032_47_05_31_16_34_00_0,27.41758105219627
PS-10_032_47_05_31_16_34_00_1,27.2385813844615
PS-10_032_50_05_31_16_42_14_0,28.046953318070393
PS-10_033_47_05_31_17_11_18_0,25.052790471952257
PS-10_033_47_05_31_17_11_18_1,27.68581776301066
PS-10_033_50_05_31_17_19_45_0,26.84673829274635
PS-10_033_50_05_31_17_19_45_1,25.766799508708797
PS-10_033_50_05_31_17_19_45_2,24.13368855838118
PS-10_035_47_06_01_10_33_47_0,22.600586693008225
PS-10_035_47_06_01_10_33_47_1,24.258343108794975
PS-10_035_50_06_01_10_42_43_0,18.090905265808104
PS-10_035_50_06_01_10_42_43_1,20.286955247517504
PS-10_035_50_06_01_10_42_43_2,20.74340846731856
PS-10_036_47_06_02_10_13_30_0,27.97249226252238
PS-10_036_47_06_02_10_13_30_1,25.463345625629163
PS-10_036_50_06_02_10_21_49_0,24.956363110928923
PS-10_037_47_06_01_11_21_49_0,25.782741526899667
PS-10_037_47_06_01_11_21_49_1,23.35604897789333
PS-10_037_50_06_01_11_31_21_0,27.005386586091955
PS-10_037_50_06_01_11_31_21_1,25.240217907788
PS-10_037_50_06_01_11_31_21_2,27.244375348091125
PS-10_038_47_06_02_10_47_05_0,33.534015305188234
PS-10_038_47_06_02_10_47_05_1,31.82088186899821
PS-10_038_50_06_02_10_55_01_0,31.706574784049504
PS-10_040_47_06_01_19_51_34_0,11.03025345876813
PS-10_040_47_06_01_19_51_34_1,16.209356221285734
PS-10_040_47_06_01_19_51_34_2,14.664587132632732
PS-10_040_50_06_01_20_00_00_0,19.340248728156986
PS-10_040_50_06_01_20_00_00_1,18.29763848544987
PS-10_040_50_06_01_20_00_00_2,15.910854369874984
PS-10_040_50_06_01_20_00_00_3,17.384319985559745
PS-10_041_47_05_30_16_56_13_0,23.655667173556793
PS-10_041_47_05_30_16_56_13_1,21.702056674580824
PS-10_041_50_05_30_17_04_21_0,20.350574064574786
PS-10_041_50_05_30_17_04_21_1,23.112054494222004
PS-10_041_50_05_30_17_04_21_2,25.888987187416323
PS-10_041_50_05_30_17_04_21_3,27.239897831230408
PS-10_043_47_06_02_14_18_11_0,21.341331905788845
PS-10_043_47_06_02_14_18_11_1,15.059301468459042
PS-10_043_47_06_02_14_18_11_2,19.058628703665544
PS-10_043_50_06_02_14_26_37_0,10.643446342468263
PS-10_043_50_06_02_14_26_37_1,22.588235747429632
PS-10_043_50_06_02_14_26_37_2,10.2769182221964
PS-10_043_50_06_02_14_26_37_3,14.40389553950383
PS-10_044_47_06_02_16_52_03_0,32.74588982470624
PS-10_044_47_06_02_16_52_03_1,29.444123236548823
PS-10_044_50_06_02_16_59_44_0,30.391852277119956
PS-10_044_50_06_02_16_59_44_1,29.53053110915345
PS-10_044_50_06_02_16_59_44_2,27.54561587201049
PS-10_045_47_06_02_17_13_15_0,32.32754475088681
PS-10_045_47_06_02_17_13_15_1,32.64258929661342
PS-10_045_50_06_02_17_21_11_0,31.524787535150367
PS-10_045_50_06_02_17_21_11_1,31.140946519588997
PS-10_045_50_06_02_17_21_11_2,33.21676326774017
PS-10_046_47_06_02_19_35_27_0,28.1552494576892
PS-10_046_47_06_02_19_35_27_1,30.90241743145567
PS-10_046_50_06_02_19_44_18_0,25.78027465920043
PS-10_047_47_06_02_19_57_19_0,33.10171957576976
PS-10_047_47_06_02_19_57_19_1,34.33963264016544
PS-10_047_50_06_02_20_05_31_0,34.14502187260611
PS-10_047_50_06_02_20_05_31_1,34.98112828390939
PS-10_047_50_06_02_20_05_31_2,32.66008850423301
PS-10_048_47_06_13_11_00_08_0,19.195170527238112
PS-10_048_47_06_13_11_00_08_1,18.46361020159337
PS-10_048_47_06_13_11_00_08_2,20.12789978143823
PS-10_048_50_06_13_11_08_26_0,18.989040153641856
PS-10_048_50_06_13_11_08_26_1,17.967484656388198
PS-10_048_50_06_13_11_08_26_2,17.451397505673494
PS-10_048_50_06_13_11_08_26_3,11.959134129453297
PS-10_048_50_06_13_11_08_26_4,16.543731044769288
PS-10_049_47_06_13_10_50_43_0,36.904974485698496
PS-10_049_47_06_13_10_50_43_1,37.27806481448087
PS-10_049_50_06_13_10_58_52_0,34.02709741819473
PS-10_049_50_06_13_10_58_52_1,34.86666464946679
PS-10_050_47_06_13_13_24_52_0,27.75439693558384
PS-10_050_47_06_13_13_24_52_1,29.410821057006018
PS-10_050_50_06_13_13_32_54_0,25.819091478983562
PS-10_050_50_06_13_13_32_54_1,24.827298486469598
PS-10_050_50_06_13_13_32_54_2,20.505340065543106
PS-10_050_50_06_13_13_32_54_3,23.545553966160238
PS-10_051_47_06_13_13_28_04_0,32.94666694123068
PS-10_051_47_06_13_13_28_04_1,31.389791014847482
PS-10_051_50_06_13_13_36_01_0,31.056416229631918
PS-10_051_50_06_13_13_36_01_1,32.6988228559494
PS-10_051_50_06_13_13_36_01_2,34.546865463256836
PS-10_052_47_06_11_11_16_24_0,23.104715406483617
PS-10_052_47_06_11_11_16_24_1,23.776559791049444
PS-10_053_47_06_13_16_32_07_0,32.06120703491983
PS-10_053_47_06_13_16_32_07_1,30.13134916522835
PS-10_053_50_06_13_16_40_20_0,30.220140890641645
PS-10_053_50_06_13_16_40_20_1,28.928074369122903
PS-10_053_50_06_13_16_40_20_2,30.668002104147888
PS-10_054_50_06_13_19_56_31_0,32.11481403399117
PS-10_054_50_06_13_19_56_31_1,33.19108072111878
PS-10_054_50_06_13_19_56_31_2,28.37448968823324
PS-10_055_47_06_18_18_04_26_0,25.7238433755559
PS-10_055_47_06_18_18_04_26_1,26.662743608434717
PS-10_055_50_06_18_18_11_42_0,30.0370104556181
PS-10_055_50_06_18_18_11_42_1,29.67950948079427
PS-10_055_50_06_18_18_11_42_2,28.17319467478785
PS-10_056_47_06_14_10_49_44_0,30.21229143562557
PS-10_056_47_06_14_10_49_44_1,31.352947394053142
PS-10_056_50_06_14_10_57_41_0,31.785512887038195
PS-10_057_47_06_14_11_29_22_0,26.586898384094237
PS-10_057_47_06_14_11_29_22_1,27.368681179849727
PS-10_057_50_06_14_11_37_38_0,24.16140270566607
PS-10_057_50_06_14_11_37_38_1,25.632922786555877
PS-10_057_50_06_14_11_37_38_2,25.489035529059333
PS-10_058_47_06_14_13_54_41_0,26.944614967243783
PS-10_058_47_06_14_13_54_41_1,24.398795318603515
PS-10_058_50_06_14_14_02_54_0,25.53111495313973
PS-10_058_50_06_14_14_02_54_1,27.79440658569336
PS-10_058_50_06_14_14_02_54_2,26.16991715749105
PS-10_059_50_06_14_13_50_44_0,30.836540601268318
PS-10_059_50_06_14_13_50_44_1,29.917919330715392
PS-10_060_47_06_14_16_38_14_0,24.984126586914062
PS-10_060_47_06_14_16_38_14_1,25.88282602127284
PS-10_060_50_06_14_16_46_24_0,28.81514191945394
PS-10_061_47_06_14_16_52_18_0,29.402075786718587
PS-10_061_47_06_14_16_52_18_1,26.162985889624196
PS-10_061_50_06_14_17_00_29_0,28.812735370687538
PS-10_061_50_06_14_17_00_29_1,24.584832095413756
PS-10_061_50_06_14_17_00_29_2,27.876001262024744
PS-10_061_50_06_14_17_00_29_3,27.215085168679554
PS-10_062_47_06_14_19_25_26_0,38.10776126131098
PS-10_062_47_06_14_19_25_26_1,34.07614482150358
PS-10_062_50_06_14_19_33_46_0,35.856337843714535
PS-10_062_50_06_14_19_33_46_1,35.24080652733372
PS-10_063_47_06_14_19_40_50_0,32.337490021427975
PS-10_063_47_06_14_19_40_50_1,33.22009996449725
PS-10_063_50_06_14_19_48_43_0,30.244857273603742
PS-10_063_50_06_14_19_48_43_1,30.765480101483423
PS-10_063_50_06_14_19_48_43_2,32.43556406543513
PS-10_064_47_06_15_10_24_15_0,19.42753552390145
PS-10_064_47_06_15_10_24_15_1,22.603190403718216
PS-10_066_50_06_15_13_33_38_0,33.97726177740954
PS-10_066_50_06_15_13_33_38_1,33.998535896750056
PS-10_067_47_06_15_16_35_22_0,37.43213391304016
PS-10_067_47_06_15_16_35_22_1,36.63801398819792
PS-10_067_50_06_15_16_43_47_0,34.897244700679074
PS-10_067_50_06_15_16_43_47_1,35.791152574929846
PS-10_067_50_06_15_16_43_47_2,33.64930650955293
PS-10_068_47_06_15_16_42_41_0,26.71748235716042
PS-10_068_47_06_15_16_42_41_1,27.127473471047995
PS-10_068_50_06_15_16_51_30_0,24.56954189168996
PS-10_068_50_06_15_16_51_30_1,25.338879760430785
PS-10_068_50_06_15_16_51_30_2,26.25062506907695
PS-10_069_47_06_19_19_48_23_0,21.710179822428245
PS-10_069_47_06_19_19_48_23_1,24.246655092943435
PS-10_069_50_06_19_19_56_16_0,25.920456087267077
PS-10_069_50_06_19_19_56_16_1,25.38301968901125
PS-10_069_50_06_19_19_56_16_2,27.377425320943196
PS-10_070_47_06_26_20_13_46_0,23.913243039449057
PS-10_070_47_06_26_20_13_46_1,19.59366919645449
PS-10_070_50_06_26_20_21_32_0,21.568132678183115
PS-10_070_50_06_26_20_21_32_1,19.654585042117553
PS-10_070_50_06_26_20_21_32_2,20.10445313127885
PS-10_072_47_06_09_17_17_38_0,34.103566550038344
PS-10_072_47_06_09_17_17_38_1,34.74310811165652
PS-10_073_47_06_16_11_13_48_0,32.36358036185211
PS-10_073_47_06_16_11_13_48_1,31.26529411753272
PS-10_073_50_06_16_11_21_40_0,28.525073133557047
PS-10_073_50_06_16_11_21_40_1,32.748763486274385
PS-10_073_50_06_16_11_21_40_2,30.536009266691387
PS-10_074_47_06_16_19_27_31_0,25.59982556766934
PS-10_074_47_06_16_19_27_31_1,24.55465755860011
PS-10_074_50_06_16_19_35_48_0,21.961322729928153
PS-10_074_50_06_16_19_35_48_1,24.92337637731474
PS-10_074_50_06_16_19_35_48_2,22.940131931691557
PS-10_075_47_06_16_13_59_31_0,33.04379745099529
PS-10_075_47_06_16_13_59_31_1,32.62492214014501
PS-10_075_50_06_16_14_07_30_0,34.93097360295021
PS-10_075_50_06_16_14_07_30_1,36.03418313944998
PS-10_075_50_06_16_14_07_30_2,30.99970105651078
PS-10_078_50_06_16_19_00_30_0,21.41241833321134
PS-10_078_50_06_16_19_00_30_1,21.746173761441156
PS-10_078_50_06_16_19_00_30_2,20.799327151465963
PS-10_079_47_06_19_14_10_37_0,33.915701134804564
PS-10_079_47_06_19_14_10_37_1,32.12820253743754
PS-10_079_50_06_19_14_18_25_0,32.96919913913893
PS-10_079_50_06_19_14_18_25_1,32.66795805912868
PS-10_080_47_06_17_10_56_47_0,40.24781970654504
PS-10_080_47_06_17_10_56_47_1,38.478560592695985
PS-10_080_50_06_17_11_05_10_0,36.30923898536039
PS-10_081_50_06_17_19_30_13_0,32.171981503504405
PS-10_081_50_06_17_19_30_13_1,32.86075919173484
PS-10_082_47_06_17_13_51_57_0,31.124921920315533
PS-10_082_47_06_17_13_51_57_1,34.17021931204826
PS-10_082_50_06_17_14_00_48_0,28.884638883629624
PS-10_083_47_06_17_14_44_49_0,37.030037901618265
PS-10_083_47_06_17_14_44_49_1,37.53283212915321
PS-10_083_50_06_17_14_53_15_0,34.64556412947805
PS-10_083_50_06_17_14_53_15_1,34.714625775457144
PS-10_083_50_06_17_14_53_15_2,34.702921484758754
PS-10_084_47_06_17_16_53_39_0,25.012168056824628
PS-10_084_47_06_17_16_53_39_1,25.27117093404134
PS-10_084_50_06_17_17_01_40_0,24.923316933314005
PS-10_084_50_06_17_17_01_40_1,22.794975004196168
PS-10_084_50_06_17_17_01_40_2,20.345809273884214
PS-10_085_47_06_17_17_03_28_0,30.60344561985561
PS-10_085_50_06_17_17_10_46_0,29.227013181237613
PS-10_086_47_06_17_11_05_00_0,38.70921643972397
PS-10_086_47_06_17_11_05_00_1,37.44844729515814
PS-10_086_50_06_17_11_13_01_0,37.52348653769788
PS-10_087_47_06_15_19_45_29_0,21.59730764478445
PS-10_087_47_06_15_19_45_29_1,23.058609858803127
PS-10_087_47_06_15_19_45_29_2,24.69216413083284
PS-10_087_50_06_15_19_53_38_0,20.372568034414034
PS-10_087_50_06_15_19_53_38_1,24.909342015998952
PS-10_087_50_06_15_19_53_38_2,25.459913013698337
PS-10_087_50_06_15_19_53_38_3,20.643062949180603
PS-10_090_50_06_17_13_02_02_0,26.174441562758552
PS-10_090_50_06_17_13_02_02_1,22.115679450802038
PS-10_092_47_06_18_20_04_52_0,23.31395378646317
PS-10_092_47_06_18_20_04_52_1,23.026914823305358
PS-10_092_47_06_18_20_04_52_2,26.035092014594365
PS-10_092_50_06_18_20_15_04_0,21.991539780522736
PS-10_092_50_06_18_20_15_04_1,23.756248618816507
PS-10_092_50_06_18_20_15_04_2,26.69156943427192
PS-10_093_47_06_18_20_04_07_0,26.330628700256348
PS-10_093_47_06_18_20_04_07_1,26.5199733847066
PS-10_093_50_06_18_20_10_47_0,24.197219279077316
PS-10_093_50_06_18_20_10_47_1,25.062310644785562
PS-10_093_50_06_18_20_10_47_2,24.731301787803915
PS-10_094_47_06_19_13_17_20_0,27.312617207205058
PS-10_094_50_06_19_13_23_17_0,26.548899397944773
PS-10_094_50_06_19_13_23_17_1,24.483264080889814
PS-10_094_50_06_19_13_23_17_2,25.994504323372475
PS-10_094_50_06_19_13_23_17_3,24.53959657068122
PS-10_095_47_06_18_13_40_16_0,27.169377917335147
PS-10_095_50_06_18_13_44_46_0,15.214676757933388
PS-10_095_50_06_18_13_44_46_1,19.827740124754005
PS-10_096_47_06_19_16_37_27_0,29.704934381375647
PS-10_096_47_06_19_16_37_27_1,30.16091064354042
PS-10_096_50_06_19_16_45_28_0,28.541226518154144
PS-10_096_50_06_19_16_45_28_1,31.853178667875888
PS-10_096_50_06_19_16_45_28_2,31.01933714238609
PS-10_097_47_06_19_16_49_53_0,28.544530352706428
PS-10_097_47_06_19_16_49_53_1,29.271028735154978
PS-10_097_50_06_19_16_57_50_0,31.368437368658526
PS-10_097_50_06_19_16_57_50_1,27.66054612320739
PS-10_097_50_06_19_16_57_50_2,31.504014329212467
PS-10_098_47_06_19_19_20_35_0,27.13721531315854
PS-10_098_47_06_19_19_20_35_1,26.540269927473258
PS-10_098_50_06_19_19_27_14_0,28.16497148252001
PS-10_098_50_06_19_19_27_14_1,25.374337293663803
PS-10_098_50_06_19_19_27_14_2,27.455609499613445
PS-10_099_47_06_26_19_12_05_0,20.836612895795493
PS-10_099_47_06_26_19_12_05_1,25.32732238648813
PS-10_099_50_06_26_19_20_15_0,21.86347494698778
PS-10_099_50_06_26_19_20_15_1,22.56711825899258
PS-10_099_50_06_26_19_20_15_2,22.987427949905396
PS-10_101_47_06_15_11_12_15_0,22.73942646845965
PS-10_101_47_06_15_11_12_15_1,21.519210825647626
PS-10_101_50_06_15_11_19_38_0,15.15968991827777
PS-10_102_47_06_27_10_37_45_0,38.57231702478159
PS-10_102_50_06_27_10_42_46_0,36.01932973037531
PS-10_102_50_06_27_10_42_46_1,38.10457561327063
PS-10_103_47_06_27_10_52_21_0,26.24498185535405
PS-10_103_47_06_27_10_52_21_1,28.413844102181045
PS-10_103_50_06_27_10_58_55_0,28.34169448852539
PS-10_103_50_06_27_10_58_55_1,26.483944377383672
PS-10_104_47_07_02_13_26_20_0,31.82552994892096
PS-10_104_50_07_02_13_32_12_0,33.74450293726891
PS-10_105_47_06_27_13_51_13_0,34.197643601750755
PS-10_105_47_06_27_13_51_13_1,32.098612249250245
PS-10_105_50_06_27_13_59_26_0,27.473657963438804
PS-10_105_50_06_27_13_59_26_1,27.50691753029823
PS-10_106_47_06_28_13_58_17_0,23.620250460306803
PS-10_106_47_06_28_13_58_17_1,24.216017972269366
PS-10_106_50_06_28_14_06_39_0,20.79476789939098
PS-10_106_50_06_28_14_06_39_1,22.913661238435026
PS-10_106_50_06_28_14_06_39_2,22.035629616667894
PS-10_107_47_06_28_14_14_33_0,31.730461841676295
PS-10_107_47_06_28_14_14_33_1,29.261263581770883
PS-10_107_50_06_28_14_22_54_0,31.20120147422508
PS-10_107_50_06_28_14_22_54_1,27.487086073144688
PS-10_107_50_06_28_14_22_54_2,25.70214964181949
PS-10_108_47_06_28_16_29_15_0,26.81807808254076
PS-10_108_47_06_28_16_29_15_1,27.86192915945342
PS-10_108_50_06_28_16_37_53_0,26.754626457507793
PS-10_108_50_06_28_16_37_53_1,27.50781403547563
PS-10_109_47_06_28_17_40_17_0,28.00339846733289
PS-10_109_47_06_28_17_40_17_1,25.284843510144377
PS-10_113_47_06_28_19_17_00_0,23.3090181350708
PS-10_113_47_06_28_19_17_00_1,26.884738360445922
PS-10_113_50_06_28_19_24_55_0,26.526116437972732
PS-10_113_50_06_28_19_24_55_1,29.294561874866485
PS-10_113_50_06_28_19_24_55_2,27.706449615955353
PS-10_114_47_07_02_15_53_28_0,20.504680633544922
PS-10_114_47_07_02_15_53_28_1,22.71561706710506
PS-10_114_50_07_02_16_01_48_0,19.850044826224998
PS-10_114_50_07_02_16_01_48_1,27.878279994910873
PS-10_114_50_07_02_16_01_48_2,26.319226761658985
PS-10_114_50_07_02_16_01_48_3,28.293269656799936
PS-9_001_11_05_21_12_08_37_0,29.263994842380672
PS-9_001_11_05_21_12_08_37_1,30.622060787530593
PS-9_001_21_05_21_12_23_12_0,28.359068597157798
PS-9_001_21_05_21_12_23_12_1,30.742874979183373
PS-9_001_21_05_21_12_23_12_2,32.34820057509781
PS-9_001_21_05_21_12_23_12_3,29.43745505345332
PS-9_001_21_05_21_12_23_12_4,29.521052107026307
PS-9_001_21_05_21_12_23_12_5,29.978827342865575
PS-9_001_21_05_21_12_23_12_6,28.46281286386343
PS-9_001_42_05_21_13_30_00_0,24.995182997696883
PS-9_001_45_05_21_13_35_03_0,26.968981446890997
PS-9_002_11_05_21_12_05_40_0,30.251581014371386
PS-9_002_11_05_21_12_05_40_1,31.160101241450157
PS-9_002_21_05_21_12_19_02_0,30.461239331885228
PS-9_002_21_05_21_12_19_02_1,26.579895447711554
PS-9_002_42_05_21_13_22_46_0,29.991544846565493
PS-9_002_45_05_21_13_27_35_0,30.642549226868827
PS-9_003_21_05_21_15_06_24_0,32.098319717600376
PS-9_003_21_05_21_15_06_24_1,32.600497024815255
PS-9_003_21_05_21_15_06_24_2,33.83373636357925
PS-9_003_21_05_21_15_06_24_3,33.476396776380994
PS-9_003_21_05_21_15_06_24_4,33.298841855612146
PS-9_003_42_05_21_16_05_48_0,31.839613437652588
PS-9_003_45_05_21_16_10_55_0,33.13342536001495
PS-9_004_21_05_21_15_13_29_0,29.33211244672737
PS-9_004_21_05_21_15_13_29_1,30.33388259471991
PS-9_004_21_05_21_15_13_29_2,31.701032869375435
PS-9_004_21_05_21_15_13_29_3,29.387128530764112
PS-9_004_21_05_21_15_13_29_4,29.73933833952873
PS-9_004_21_05_21_15_13_29_5,33.83086177110672
PS-9_004_21_05_21_15_13_29_6,28.792756031721066
PS-9_004_21_05_21_15_13_29_7,31.090998722489473
PS-9_004_21_05_21_15_13_29_8,30.1016803283196
PS-9_004_42_05_21_16_28_33_0,32.49357890442714
PS-9_004_45_05_21_16_33_43_0,29.183258149358963
PS-9_004_45_05_21_16_33_43_1,25.4051077108589
PS-9_004_45_05_21_16_33_43_2,29.568607751425212
PS-9_005_11_05_25_12_28_57_0,36.876779486916284
PS-9_005_11_05_25_12_28_57_1,39.97174616452664
PS-9_005_21_05_25_12_43_49_0,38.59286459984138
PS-9_005_21_05_25_12_43_49_1,41.7089238561978
PS-9_005_21_05_25_12_43_49_2,40.26622438161387
PS-9_005_21_05_25_12_43_49_3,38.884686372496866
PS-9_005_21_05_25_12_43_49_4,39.19505969548629
PS-9_005_21_05_25_12_43_49_5,42.10766030447824
PS-9_005_21_05_25_12_43_49_6,42.51616119808621
PS-9_005_21_05_25_12_43_49_7,40.498126153892045
PS-9_005_42_05_25_14_11_04_0,39.87989287043727
PS-9_005_45_05_25_14_16_06_0,38.72834618147029
PS-9_006_11_05_25_12_23_59_0,30.622060681604275
PS-9_006_11_05_25_12_23_59_1,28.38111854966279
PS-9_006_21_05_25_12_36_48_0,29.01465983139841
PS-9_006_21_05_25_12_36_48_1,27.83097664617723
PS-9_006_21_05_25_12_36_48_2,26.981881603117913
PS-9_006_21_05_25_12_36_48_3,28.057426792800808
PS-9_006_42_05_25_13_28_18_0,28.053040468240088
PS-9_006_45_05_25_13_33_03_0,25.45265903598384
PS-9_007_11_05_22_14_41_39_0,36.439321531568254
PS-9_007_11_05_22_14_41_39_1,37.047034103504934
PS-9_007_21_05_22_14_52_48_0,33.435718811882865
PS-9_007_21_05_22_14_52_48_1,38.92681495236679
PS-9_007_21_05_22_14_52_48_2,39.17458104415679
PS-9_007_21_05_22_14_52_48_3,37.345329027649356
PS-9_007_21_05_22_14_52_48_4,36.620819895608086
PS-9_007_42_05_22_15_44_23_0,40.738923443688286
PS-9_007_45_05_22_15_49_17_0,38.70294720491917
PS-9_008_11_05_22_14_55_45_0,28.149472026351077
PS-9_008_21_05_22_15_08_02_0,24.1814267407557
PS-9_008_21_05_22_15_08_02_1,27.489991515515797
PS-9_008_21_05_22_15_08_02_2,28.086263970895246
PS-9_008_21_05_22_15_08_02_3,29.898555966310724
PS-9_008_21_05_22_15_08_02_4,27.012112107387807
PS-9_008_21_05_22_15_08_02_5,28.245659403718275
PS-9_008_42_05_22_16_07_08_0,25.995004556850045
PS-9_008_45_05_22_16_12_30_0,26.55680557639299
PS-9_009_11_05_24_19_02_38_0,29.950784267078745
PS-9_009_11_05_24_19_02_38_1,30.34283222767137
PS-9_009_21_05_24_19_15_09_0,33.59992717892114
PS-9_009_21_05_24_19_15_09_1,32.789816385433994
PS-9_009_21_05_24_19_15_09_2,31.376885925851216
PS-9_009_21_05_24_19_15_09_3,31.374139314816322
PS-9_009_21_05_24_19_15_09_4,31.03776291104182
PS-9_009_21_05_24_19_15_09_5,32.480137012622976
PS-9_009_42_05_24_20_11_19_0,30.669211324892547
PS-9_009_45_05_24_20_16_02_0,33.463687563517006
PS-9_009_45_05_24_20_16_02_1,31.613524419180354
PS-9_009_45_05_24_20_16_02_2,32.88303618204026
PS-9_011_11_05_20_10_03_57_0,33.49823682559164
PS-9_011_11_05_20_10_03_57_1,34.06467814291677
PS-9_011_21_05_20_10_18_37_0,35.32847751741824
PS-9_011_21_05_20_10_18_37_1,37.09508547844825
PS-9_011_21_05_20_10_18_37_2,36.22365721260629
PS-9_011_21_05_20_10_18_37_3,35.13855337213587
PS-9_011_21_05_20_10_18_37_4,30.70458843231201
PS-9_011_21_05_20_10_18_37_5,29.58046499051546
PS-9_011_21_05_20_10_18_37_6,27.118954070626874
PS-9_011_42_05_20_11_32_47_0,29.38990948475948
PS-9_011_45_05_20_11_37_59_0,33.98060937696888
PS-9_011_45_05_20_11_37_59_1,31.473397572835285
PS-9_012_11_05_20_10_17_29_0,29.355190730389253
PS-9_012_11_05_20_10_17_29_1,32.21511598267307
PS-9_012_21_05_20_10_48_07_0,34.09040224909069
PS-9_012_21_05_20_10_48_07_1,30.736796337103694
PS-9_012_21_05_20_10_48_07_2,30.622060950209455
PS-9_012_21_05_20_10_48_07_3,31.57790300517739
PS-9_012_21_05_20_10_48_07_4,32.01306427329596
PS-9_012_21_05_20_10_48_07_5,33.57901921921228
PS-9_012_42_05_20_11_57_08_0,31.370716983487146
PS-9_012_45_05_20_12_02_42_0,33.77113800284303
PS-9_012_45_05_20_12_02_42_1,33.04941933329513
PS-9_012_45_05_20_12_02_42_2,34.16656531327926
PS-9_013_11_05_20_12_36_20_0,23.994233591093433
PS-9_013_11_05_20_12_36_20_1,24.14861286027091
PS-9_013_11_05_20_12_36_20_2,21.275064992904664
PS-9_013_11_05_20_12_36_20_3,26.130640234507567
PS-9_013_21_05_20_12_50_49_0,26.721665962322337
PS-9_013_21_05_20_12_50_49_1,25.784649718297672
PS-9_013_21_05_20_12_50_49_2,25.464089526070488
PS-9_013_21_05_20_12_50_49_3,27.247118708292643
PS-9_013_21_05_20_12_50_49_4,28.972345376626038
PS-9_013_45_05_20_13_42_39_0,31.311182315532978
PS-9_014_11_05_20_13_08_53_0,35.20677588761218
PS-9_014_21_05_20_13_19_14_0,38.07203273546128
PS-9_014_21_05_20_13_19_14_1,38.13385541579303
PS-9_014_21_05_20_13_19_14_2,35.26375299939037
PS-9_014_42_05_20_14_12_23_0,32.58081027960322
PS-9_014_45_05_20_14_17_36_0,32.33550847660411
PS-9_014_45_05_20_14_17_36_1,32.572536776337444
PS-9_015_11_05_26_12_55_24_0,21.453132983075072
PS-9_015_11_05_26_12_55_24_1,24.444866047629827
PS-9_015_21_05_26_13_05_49_0,24.179121048621884
PS-9_015_21_05_26_13_05_49_1,21.56140540758769
PS-9_015_21_05_26_13_05_49_2,23.7290883216129
PS-9_015_42_05_26_13_40_19_0,30.025172350483555
PS-9_015_45_05_26_13_45_12_0,20.09935297378122
PS-9_016_11_05_24_13_05_22_0,14.18411909032751
PS-9_016_11_05_24_13_05_22_1,16.99611070344774
PS-9_016_21_05_24_13_17_42_0,20.840013422899776
PS-9_016_21_05_24_13_17_42_1,19.797301759038653
PS-9_016_21_05_24_13_17_42_2,18.04837474723657
PS-9_016_21_05_24_13_17_42_3,22.00486460287277
PS-9_016_21_05_24_13_17_42_4,21.59679530290949
PS-9_016_42_05_24_14_01_35_0,21.308097223440807
PS-9_016_45_05_24_14_06_12_0,22.34318002363793
PS-9_017_11_05_20_16_14_37_0,17.577232581981715
PS-9_017_11_05_20_16_14_37_1,19.541240246626582
PS-9_017_21_05_20_16_25_39_0,19.225020096582526
PS-9_017_21_05_20_16_25_39_1,17.003546854607144
PS-9_017_21_05_20_16_25_39_2,17.846344249835912
PS-9_017_21_05_20_16_25_39_3,20.02632342289834
PS-9_017_42_05_20_17_14_34_0,20.886832458385523
PS-9_017_45_05_20_17_19_55_0,21.823984396718714
PS-9_017_45_05_20_17_19_55_1,21.379040924470814
PS-9_018_11_05_20_16_51_00_0,37.61262872359332
PS-9_018_11_05_20_16_51_00_1,39.894445656383105
PS-9_018_21_05_20_17_01_53_0,41.65444688424052
PS-9_018_42_05_20_17_58_14_0,39.14848379454861
PS-9_018_45_05_20_18_03_07_0,39.60859258076143
PS-9_019_11_05_20_18_26_19_0,23.82424563127798
PS-9_019_11_05_20_18_26_19_1,22.053275581886027
PS-9_019_21_05_20_18_38_01_0,22.89548895663063
PS-9_019_21_05_20_18_38_01_1,16.372098599161422
PS-9_019_21_05_20_18_38_01_2,18.501694557514597
PS-9_019_21_05_20_18_38_01_3,21.098178155281964
PS-9_019_21_05_20_18_38_01_4,18.441222432730854
PS-9_019_42_05_20_19_34_20_0,22.77012737708933
PS-9_019_45_05_20_19_39_37_0,20.49412271158019
PS-9_019_45_05_20_19_39_37_1,21.600465826744582
PS-9_020_11_05_20_19_05_01_0,25.064611794932787
PS-9_020_11_05_20_19_05_01_1,22.205679566892858
PS-9_020_42_05_20_19_46_59_0,20.940827762576895
PS-9_020_45_05_20_19_51_26_0,27.433431265369947
PS-9_020_45_05_20_19_51_26_1,26.144409525314433
PS-9_021_11_05_21_18_48_03_0,42.48301298576489
PS-9_021_11_05_21_18_48_03_1,38.61707968884204
PS-9_021_21_05_21_19_03_08_0,35.09207339226445
PS-9_021_21_05_21_19_03_08_1,37.54932999533992
PS-9_021_21_05_21_19_03_08_2,34.40502533912659
PS-9_021_21_05_21_19_03_08_3,34.01168281217165
PS-9_021_21_05_21_19_03_08_4,34.438183908877164
PS-9_021_21_05_21_19_03_08_5,34.98073545286927
PS-9_021_21_05_21_19_03_08_6,34.10240274743189
PS-9_021_42_05_21_19_56_51_0,35.58650395914089
PS-9_021_45_05_21_20_02_01_0,35.68954126334485
PS-9_022_11_05_21_18_40_14_0,28.412888539547954
PS-9_022_11_05_21_18_40_14_1,29.70323198269575
PS-9_022_21_05_21_18_50_46_0,26.44872640919041
PS-9_022_21_05_21_18_50_46_1,27.90805812860956
PS-9_022_21_05_21_18_50_46_2,28.046131411925057
PS-9_022_21_05_21_18_50_46_3,27.542480494181316
PS-9_022_21_05_21_18_50_46_4,28.447462831224716
PS-9_022_42_05_21_19_57_23_0,28.922033777300097
PS-9_022_45_05_21_20_02_26_0,26.51476021070738
PS-9_023_11_05_22_19_01_18_0,26.16064730504664
PS-9_023_21_05_22_19_13_58_0,25.434227579832076
PS-9_023_21_05_22_19_13_58_1,29.22087184492364
PS-9_023_21_05_22_19_13_58_2,26.105842975355824
PS-9_023_21_05_22_19_13_58_3,25.338718645500414
PS-9_023_21_05_22_19_13_58_4,26.53339726054026
PS-9_023_21_05_22_19_13_58_5,27.088592374251665
PS-9_023_21_05_22_19_13_58_6,27.599888640713978
PS-9_023_21_05_22_19_13_58_7,26.18227152910061
PS-9_023_21_05_22_19_13_58_8,26.583316925673458
PS-9_023_42_05_22_20_27_13_0,22.511307523800777
PS-9_023_45_05_22_20_33_33_0,28.472795835355434
PS-9_024_11_05_22_18_38_59_0,42.49529505336986
PS-9_024_21_05_22_18_55_08_0,33.94237422943115
PS-9_024_21_05_22_18_55_08_1,35.34149993994297
PS-9_024_21_05_22_18_55_08_2,30.544905675084966
PS-9_024_21_05_22_18_55_08_3,33.62752039509435
PS-9_024_21_05_22_18_55_08_4,34.48239493370056
PS-9_024_42_05_22_19_47_58_0,32.311843761321036
PS-9_024_45_05_22_19_52_41_0,30.382022217700356
PS-9_024_45_05_22_19_52_41_1,30.562830578197133
PS-9_028_11_05_22_12_17_28_0,27.221057421366375
PS-9_028_11_05_22_12_17_28_1,28.45880024105895
PS-9_028_21_05_22_12_30_14_0,21.905476903915407
PS-9_028_21_05_22_12_30_14_1,24.9506607375689
PS-9_028_21_05_22_12_30_14_2,23.82558754698871
PS-9_028_21_05_22_12_30_14_3,22.303541512556478
PS-9_028_42_05_22_13_14_23_0,26.5735681073419
PS-9_028_45_05_22_13_19_26_0,30.38630863867308
PS-9_028_45_05_22_13_19_26_1,28.03377819714481
PS-9_028_45_05_22_13_19_26_2,28.055548229733027
PS-9_029_11_05_23_12_33_06_0,35.152132808460905
PS-9_029_11_05_23_12_33_06_1,36.82857354665767
PS-9_029_42_05_23_13_33_17_0,38.680497844316804
PS-9_030_11_05_23_13_09_58_0,19.95819060656489
PS-9_030_11_05_23_13_09_58_1,17.39058142492216
PS-9_030_21_05_23_13_23_21_0,32.16538002789021
PS-9_030_21_05_23_13_23_21_1,30.77679986357689
PS-9_030_42_05_23_14_17_08_0,29.348609428901177
PS-9_030_45_05_23_14_21_53_0,36.27752045697944
PS-9_031_11_05_24_12_35_03_0,31.56718620253198
PS-9_031_21_05_24_12_50_15_0,31.81308013770231
PS-9_031_21_05_24_12_50_15_1,31.663709711145472
PS-9_031_21_05_24_12_50_15_2,29.91279686553569
PS-9_031_21_05_24_12_50_15_3,31.39575661420822
PS-9_031_21_05_24_12_50_15_4,30.702996556062875
PS-9_031_21_05_24_12_50_15_5,31.802196538673257
PS-9_031_21_05_24_12_50_15_6,29.609486962579616
PS-9_031_42_05_24_14_10_04_0,28.30260260264079
PS-9_031_45_05_24_14_15_21_0,32.77550494206416
PS-9_031_45_05_24_14_15_21_1,33.96272469781766
PS-9_032_11_05_24_15_30_08_0,26.10910727183024
PS-9_032_11_05_24_15_30_08_1,25.68964817379945
PS-9_032_21_05_24_15_47_45_0,27.409328125263084
PS-9_032_21_05_24_15_47_45_1,26.827320060214483
PS-9_032_21_05_24_15_47_45_2,27.325302797953288
PS-9_032_21_05_24_15_47_45_3,25.64470162683604
PS-9_032_21_05_24_15_47_45_4,27.381768887837726
PS-9_032_21_05_24_15_47_45_5,26.29001205646439
PS-9_032_21_05_24_15_47_45_6,27.2895563615335
PS-9_032_42_05_24_16_58_58_0,24.6556230571172
PS-9_032_45_05_24_17_04_30_0,27.86688445596134
PS-9_033_11_05_24_16_01_19_0,32.39234501437137
PS-9_033_11_05_24_16_01_19_1,29.088786036173502
PS-9_033_11_05_24_16_01_19_2,30.874958728489123
PS-9_033_21_05_24_16_15_31_0,30.5783338226728
PS-9_033_21_05_24_16_15_31_1,30.549192064686824
PS-9_033_21_05_24_16_15_31_2,29.5743249171489
PS-9_033_21_05_24_16_15_31_3,30.452662200927733
PS-9_033_42_05_24_16_56_19_0,34.00382834713475
PS-9_033_45_05_24_17_00_53_0,29.04828684094926
PS-9_034_11_05_24_18_39_18_0,33.53041080107172
PS-9_034_11_05_24_18_39_18_1,33.967875334795785
PS-9_034_21_05_24_18_51_16_0,30.863824712405414
PS-9_034_21_05_24_18_51_16_1,32.22522742531516
PS-9_034_21_05_24_18_51_16_2,32.354280962915475
PS-9_034_21_05_24_18_51_16_3,34.03968410149306
PS-9_034_21_05_24_18_51_16_4,33.57750966175493
PS-9_034_21_05_24_18_51_16_5,31.913208833554897
PS-9_034_21_05_24_18_51_16_6,32.25286832867247
PS-9_034_42_05_24_20_02_02_0,30.036925917218444
PS-9_034_45_05_24_20_08_10_0,34.74973822496608
PS-9_034_45_05_24_20_08_10_1,30.85248106281932
PS-9_034_45_05_24_20_08_10_2,31.367791566504053
PS-9_035_11_05_25_09_23_09_0,21.750853377462224
PS-9_035_11_05_25_09_23_09_1,21.325182862770863
PS-9_035_21_05_25_09_37_40_0,27.187850204590827
PS-9_035_21_05_25_09_37_40_1,25.990780016419233
PS-9_035_21_05_25_09_37_40_2,26.67136241524083
PS-9_035_21_05_25_09_37_40_3,25.71302426536128
PS-9_035_21_05_25_09_37_40_4,25.536029583215715
PS-9_035_21_05_25_09_37_40_5,26.298615008224676
PS-9_035_42_05_25_10_41_10_0,24.490966118299045
PS-9_035_45_05_25_10_46_46_0,24.819727213877552
PS-9_036_11_05_25_15_09_35_0,34.81278669098277
PS-9_036_11_05_25_15_09_35_1,30.073193330475778
PS-9_036_11_05_25_15_09_35_2,30.202096651835614
PS-9_036_21_05_25_15_22_56_0,34.22932991167394
PS-9_036_21_05_25_15_22_56_1,31.245784631589565
PS-9_036_21_05_25_15_22_56_2,32.31369219630598
PS-9_036_42_05_25_16_02_36_0,32.902426966914426
PS-9_036_45_05_25_16_07_16_0,34.12405174970627
PS-9_036_45_05_25_16_07_16_1,35.2683069229126
PS-9_037_11_05_25_10_04_50_0,25.068723979412308
PS-9_037_11_05_25_10_04_50_1,27.168508778989704
PS-9_037_21_05_25_10_20_07_0,24.647456785448554
PS-9_037_21_05_25_10_20_07_1,25.128050855688148
PS-9_037_21_05_25_10_20_07_2,26.924286210773797
PS-9_037_21_05_25_10_20_07_3,24.945689175226917
PS-9_037_42_05_25_11_02_14_0,36.5425145403939
PS-9_037_45_05_25_11_07_21_0,37.91528393138539
PS-9_038_11_05_25_15_23_12_0,41.59525149607519
PS-9_038_21_05_25_15_32_57_0,36.626063105426255
PS-9_038_21_05_25_15_32_57_1,33.20676157976452
PS-9_038_21_05_25_15_32_57_2,39.40981353201517
PS-9_038_21_05_25_15_32_57_3,37.73082742873271
PS-9_038_21_05_25_15_32_57_4,42.65446901600263
PS-9_038_42_05_25_16_20_05_0,39.21366416977113
PS-9_039_11_05_25_18_54_25_0,38.92292360716228
PS-9_039_11_05_25_18_54_25_1,38.83927636580034
PS-9_039_21_05_25_19_06_08_0,35.67899403351032
PS-9_039_21_05_25_19_06_08_1,36.697707813941626
PS-9_039_21_05_25_19_06_08_2,34.817299005461905
PS-9_039_45_05_25_19_52_58_0,38.7906583070755
PS-9_039_45_05_25_19_52_58_1,37.524240624904635
PS-9_039_45_05_25_19_52_58_2,37.60862751127039
PS-9_040_11_05_25_19_13_43_0,23.605188639043902
PS-9_040_11_05_25_19_13_43_1,19.52131676312649
PS-9_040_21_05_25_19_24_51_0,21.97528417791639
PS-9_040_21_05_25_19_24_51_1,24.616025615745865
PS-9_040_21_05_25_19_24_51_2,22.442740889761946
PS-9_040_42_05_25_20_09_00_0,29.63595639048396
PS-9_040_45_05_25_20_13_38_0,23.3938190418741
PS-9_040_45_05_25_20_13_38_1,28.24958118570262
PS-9_041_11_05_23_15_49_17_0,28.312829174572908
PS-9_041_11_05_23_15_49_17_1,29.003471962310982
PS-9_043_11_05_26_12_30_07_0,18.471846786705225
PS-9_043_11_05_26_12_30_07_1,15.372538578260196
PS-9_043_21_05_26_12_40_08_0,9.821619898525636
PS-9_043_21_05_26_12_40_08_1,10.56379025219051
PS-9_043_21_05_26_12_40_08_2,8.206334188694262
PS-9_043_21_05_26_12_40_08_3,12.070255749313919
PS-9_043_21_05_26_12_40_08_4,9.41490344782822
PS-9_043_21_05_26_12_40_08_5,8.10055845271884
PS-9_043_42_05_26_13_31_20_0,8.06686448040655
PS-9_043_45_05_26_13_38_39_0,17.150509337733563
PS-9_043_45_05_26_13_38_39_1,12.917799972173736
PS-9_044_11_05_26_15_27_59_0,34.31683130203923
PS-9_044_11_05_26_15_27_59_1,35.01990993206318
PS-9_044_21_05_26_15_38_11_0,34.98774841940327
PS-9_044_21_05_26_15_38_11_1,33.83741954704384
PS-9_044_21_05_26_15_38_11_2,33.35088498251779
PS-9_044_21_05_26_15_38_11_3,35.121327850053895
PS-9_044_21_05_26_15_38_11_4,35.871914881926315
PS-9_044_21_05_26_15_38_11_5,37.55016543702309
PS-9_044_42_05_26_16_27_43_0,32.47540863140209
PS-9_044_45_05_26_16_32_51_0,31.327144688122893
PS-9_045_11_05_26_15_57_28_0,26.539119373957316
PS-9_045_11_05_26_15_57_28_1,29.178791106501713
PS-9_045_11_05_26_15_57_28_2,27.64424788711855
PS-9_045_11_05_26_15_57_28_3,28.523674392700194
PS-9_045_21_05_26_16_12_50_0,25.14826411932287
PS-9_045_21_05_26_16_12_50_1,27.312617377729605
PS-9_045_21_05_26_16_12_50_2,30.650565433502198
PS-9_045_21_05_26_16_12_50_3,27.40247143088997
PS-9_045_42_05_26_16_50_46_0,29.019862834762478
PS-9_045_45_05_26_16_55_20_0,29.817953447752362
PS-9_045_45_05_26_16_55_20_1,29.96635113006983
PS-9_046_11_05_26_18_18_28_0,30.720405386678827
PS-9_046_11_05_26_18_18_28_1,28.111859058309918
PS-9_046_21_05_26_18_31_38_0,25.978855652145192
PS-9_046_21_05_26_18_31_38_1,28.61184237642986
PS-9_046_21_05_26_18_31_38_2,23.19037867207681
PS-9_046_21_05_26_18_31_38_3,24.53970947144907
PS-9_046_21_05_26_18_31_38_4,23.362719745020712
PS-9_046_42_05_26_19_23_47_0,24.115081563974037
PS-9_046_45_05_26_19_29_08_0,26.81530381448614
PS-9_046_45_05_26_19_29_08_1,23.541246867029923
PS-9_046_45_05_26_19_29_08_2,24.96628143126706
PS-9_047_11_05_26_19_07_49_0,27.26507568940884
PS-9_047_21_05_26_19_18_44_0,28.100542532933222
PS-9_047_21_05_26_19_18_44_1,24.11850322585508
PS-9_047_21_05_26_19_18_44_2,26.99984628245944
PS-9_047_21_05_26_19_18_44_3,25.996555952997934
PS-9_047_42_05_26_20_09_04_0,27.123086040402637
PS-9_047_45_05_26_20_13_42_0,27.925108204465925
PS-9_048_21_06_06_10_05_05_0,16.97682964040878
PS-9_048_21_06_06_10_05_05_1,17.51394140470278
PS-9_048_21_06_06_10_05_05_2,15.999269505621681
PS-9_048_21_06_06_10_05_05_3,17.56367154831582
PS-9_048_42_06_06_10_50_24_0,22.114358798317287
PS-9_048_45_06_06_10_55_40_0,19.98338904080691
PS-9_048_45_06_06_10_55_40_1,21.691712064743044
PS-9_049_11_06_06_10_11_24_0,33.2125879618936
PS-9_049_21_06_06_10_23_56_0,32.86045704590031
PS-9_049_21_06_06_10_23_56_1,34.87458285029063
PS-9_049_21_06_06_10_23_56_2,32.709380043877495
PS-9_049_21_06_06_10_23_56_3,33.65208275346871
PS-9_049_21_06_06_10_23_56_4,32.908350164240055
PS-9_049_21_06_06_10_23_56_5,33.35693963559088
PS-9_049_42_06_06_11_15_19_0,32.820485700127534
PS-9_049_45_06_06_11_20_29_0,35.57061053457714
PS-9_050_21_06_06_12_55_21_0,28.082326239081706
PS-9_050_21_06_06_12_55_21_1,27.522342254176284
PS-9_050_21_06_06_12_55_21_2,26.057281500064068
PS-9_050_42_06_06_13_33_46_0,26.224211533864338
PS-9_050_45_06_06_13_38_32_0,26.1120970589774
PS-9_051_21_06_06_13_29_07_0,24.489983396592482
PS-9_051_21_06_06_13_29_07_1,28.34769023415501
PS-9_051_21_06_06_13_29_07_2,30.577546030838295
PS-9_051_21_06_06_13_29_07_3,22.644015024829386
PS-9_051_42_06_06_14_16_19_0,30.416092066611014
PS-9_051_45_06_06_14_21_25_0,27.602864312190636
PS-9_052_11_06_06_15_18_45_0,24.389211367893886
PS-9_052_11_06_06_15_18_45_1,23.29683650864495
PS-9_052_21_06_06_15_30_00_0,26.951008185024918
PS-9_052_21_06_06_15_30_00_1,24.25252615655219
PS-9_052_21_06_06_15_30_00_2,24.363671296079392
PS-9_052_21_06_06_15_30_00_3,21.86359258379255
PS-9_052_42_06_06_16_28_36_0,25.614290724705604
PS-9_052_45_06_06_16_33_26_0,30.29845132890916
PS-9_052_45_06_06_16_33_26_1,33.700555086135864
PS-9_053_11_06_06_15_40_23_0,28.75375676944556
PS-9_053_11_06_06_15_40_23_1,29.676286845053397
PS-9_053_21_06_06_15_57_06_0,29.68706836948147
PS-9_053_21_06_06_15_57_06_1,27.829775587304844
PS-9_053_21_06_06_15_57_06_2,28.924754549743263
PS-9_053_21_06_06_15_57_06_3,28.457156114940403
PS-9_053_42_06_06_16_42_06_0,35.08913544416428
PS-9_053_45_06_06_16_47_09_0,38.929109085437865
PS-9_054_11_06_06_18_15_44_0,29.970527562787456
PS-9_054_11_06_06_18_15_44_1,27.09117108006631
PS-9_054_21_06_06_18_30_23_0,31.778532361984254
PS-9_054_21_06_06_18_30_23_1,27.54816046739236
PS-9_054_21_06_06_18_30_23_2,29.03446406352369
PS-9_054_42_06_06_19_20_11_0,36.00496598652431
PS-9_054_45_06_06_19_25_00_0,34.9682640098944
PS-9_054_45_06_06_19_25_00_1,35.32324339815243
PS-9_054_45_06_06_19_25_00_2,35.80701657826315
PS-9_055_11_06_06_18_53_38_0,29.73631638171626
PS-9_055_11_06_06_18_53_38_1,28.197149049367336
PS-9_055_21_06_06_19_08_54_0,30.26861455082114
PS-9_055_21_06_06_19_08_54_1,27.87758869667576
PS-9_055_21_06_06_19_08_54_2,29.651233155206338
PS-9_055_21_06_06_19_08_54_3,31.62024298692361
PS-9_055_42_06_06_19_54_25_0,33.53307765569442
PS-9_055_45_06_06_19_59_17_0,33.95567238696514
PS-9_056_11_06_07_09_36_59_0,35.89528861241034
PS-9_056_11_06_07_09_36_59_1,31.749253290562542
PS-9_056_21_06_07_09_55_18_0,31.77539602717998
PS-9_056_21_06_07_09_55_18_1,31.187246322631836
PS-9_056_21_06_07_09_55_18_2,31.424260997772215
PS-9_056_21_06_07_09_55_18_3,31.794820646806198
PS-9_056_21_06_07_09_55_18_4,36.68210451286959
PS-9_056_21_06_07_09_55_18_5,34.16671169371832
PS-9_056_42_06_07_11_14_40_0,34.965615440137455
PS-9_056_45_06_07_11_19_38_0,35.758380819683424
PS-9_057_11_06_07_09_56_29_0,19.691301894702498
PS-9_057_11_06_07_09_56_29_1,19.970908938974574
PS-9_057_11_06_07_09_56_29_2,20.964038911987753
PS-9_057_21_06_07_10_09_31_0,21.93339979307992
PS-9_057_21_06_07_10_09_31_1,21.911847067217455
PS-9_057_21_06_07_10_09_31_2,23.360179940859478
PS-9_057_21_06_07_10_09_31_3,22.170744024004254
PS-9_057_21_06_07_10_09_31_4,20.216278336888596
PS-9_057_42_06_07_10_59_09_0,20.129458584002595
PS-9_057_45_06_07_11_04_22_0,24.10214021172322
PS-9_057_45_06_07_11_04_22_1,22.9931148907817
PS-9_058_11_06_07_12_29_53_0,22.001434008280437
PS-9_058_11_06_07_12_29_53_1,22.95670675111297
PS-9_058_21_06_07_12_40_32_0,23.384280178822628
PS-9_058_21_06_07_12_40_32_1,24.253431515977873
PS-9_058_21_06_07_12_40_32_2,26.01417777412816
PS-9_058_21_06_07_12_40_32_3,25.38407660158057
PS-9_058_21_06_07_12_40_32_4,24.358654715220133
PS-9_058_42_06_07_13_31_12_0,23.606608034859242
PS-9_058_45_06_07_13_37_26_0,20.736567483531484
PS-9_058_45_06_07_13_37_26_1,21.684126168909206
PS-9_060_11_06_07_15_31_50_0,30.104071623049908
PS-9_060_11_06_07_15_31_50_1,30.829736959934234
PS-9_060_21_06_07_15_43_04_0,26.475548062103474
PS-9_060_21_06_07_15_43_04_1,24.767007162106918
PS-9_060_21_06_07_15_43_04_2,25.46551826125697
PS-9_060_42_06_07_16_33_38_0,27.694447849926195
PS-9_060_45_06_07_16_38_21_0,28.867932943197395
PS-9_060_45_06_07_16_38_21_1,27.737311727122258
PS-9_061_11_06_07_15_59_09_0,23.767197125394578
PS-9_061_11_06_07_15_59_09_1,27.08959845458569
PS-9_061_11_06_07_15_59_09_2,25.724481151217507
PS-9_061_11_06_07_15_59_09_3,24.297313015477187
PS-9_061_21_06_07_16_14_13_0,22.77573915209089
PS-9_061_21_06_07_16_14_13_1,27.333785735520742
PS-9_061_21_06_07_16_14_13_2,23.074369658886546
PS-9_061_21_06_07_16_14_13_3,25.600379567567995
PS-9_061_21_06_07_16_14_13_4,24.317788735241958
PS-9_061_42_06_07_17_01_23_0,23.973668998395894
PS-9_061_45_06_07_17_06_13_0,28.168972546622257
PS-9_061_45_06_07_17_06_13_1,27.15019199946155
PS-9_061_45_06_07_17_06_13_2,27.59739330114908
PS-9_062_11_06_07_18_25_20_0,31.464710604349772
PS-9_062_11_06_07_18_25_20_1,29.269822066684938
PS-9_062_21_06_07_18_37_13_0,31.65520648956299
PS-9_062_21_06_07_18_37_13_1,32.94062043551741
PS-9_062_21_06_07_18_37_13_2,31.93443499973842
PS-9_062_21_06_07_18_37_13_3,32.101584288809036
PS-9_062_21_06_07_18_37_13_4,30.974240986076563
PS-9_062_21_06_07_18_37_13_5,32.489206262882924
PS-9_062_42_06_07_19_30_09_0,30.996915608236236
PS-9_062_45_06_07_19_35_28_0,30.11045425210223
PS-9_062_45_06_07_19_35_28_1,32.70334745777978
PS-9_062_45_06_07_19_35_28_2,31.845443259040227
PS-9_063_11_06_07_18_58_24_0,32.388717926465546
PS-9_063_11_06_07_18_58_24_1,27.141821316310338
PS-9_063_21_06_07_19_08_02_0,29.52730769851581
PS-9_063_21_06_07_19_08_02_1,34.107563486859846
PS-9_063_21_06_07_19_08_02_2,33.796804497458716
PS-9_063_21_06_07_19_08_02_3,34.35645839644641
PS-9_063_42_06_07_19_53_05_0,36.58729595481279
PS-9_063_45_06_07_19_57_57_0,33.738089211979265
PS-9_064_11_06_08_09_19_50_0,31.199234195377517
PS-9_064_21_06_08_09_32_40_0,29.656395480746315
PS-9_064_21_06_08_09_32_40_1,26.216455303487322
PS-9_064_21_06_08_09_32_40_2,25.777229358983593
PS-9_064_21_06_08_09_32_40_3,25.18138393862494
PS-9_064_42_06_08_10_22_02_0,23.484619500560147
PS-9_064_45_06_08_10_27_36_0,26.74426069604345
PS-9_065_11_06_08_09_57_50_0,29.03794090420592
PS-9_065_21_06_08_10_10_35_0,26.971689838252654
PS-9_065_21_06_08_10_10_35_1,29.798839878391576
PS-9_065_21_06_08_10_10_35_2,29.649047525305498
PS-9_065_21_06_08_10_10_35_3,28.955151235902463
PS-9_065_21_06_08_10_10_35_4,28.781151585930946
PS-9_065_21_06_08_10_10_35_5,29.99558671315511
PS-9_065_42_06_08_11_28_28_0,26.348517317520944
PS-9_065_45_06_08_11_33_52_0,27.768941542681524
PS-9_066_11_06_08_12_49_47_0,33.45415877193385
PS-9_066_21_06_08_13_01_31_0,33.91483939621977
PS-9_066_21_06_08_13_01_31_1,35.33404209500267
PS-9_066_21_06_08_13_01_31_2,33.656235850134564
PS-9_066_21_06_08_13_01_31_3,31.975245154115576
PS-9_066_21_06_08_13_01_31_4,33.50311809605946
PS-9_066_21_06_08_13_01_31_5,33.115860341609206
PS-9_066_42_06_08_13_54_12_0,34.905151291327044
PS-9_066_45_06_08_13_59_48_0,32.68789782175204
PS-9_067_11_06_08_13_12_18_0,18.43351415712006
PS-9_067_11_06_08_13_12_18_1,18.06888984327447
PS-9_067_21_06_08_13_22_53_0,23.633697480371552
PS-9_067_21_06_08_13_22_53_1,22.526320122383737
PS-9_067_21_06_08_13_22_53_2,20.958380078309336
PS-9_067_21_06_08_13_22_53_3,22.160933359249217
PS-9_067_21_06_08_13_22_53_4,20.481755195848095
PS-9_067_42_06_08_14_19_06_0,19.097476955773175
PS-9_067_45_06_08_14_24_23_0,26.548899385313323
PS-9_067_45_06_08_14_24_23_1,22.663401497734917
PS-9_069_11_06_09_12_19_53_0,25.332128764777785
PS-9_069_11_06_09_12_19_53_1,24.217446657567244
PS-9_069_21_06_09_12_34_17_0,21.910651433717955
PS-9_069_21_06_09_12_34_17_1,20.098675944887358
PS-9_069_21_06_09_12_34_17_2,19.021149734656017
PS-9_069_21_06_09_12_34_17_3,18.984329427521804
PS-9_069_21_06_09_12_34_17_4,19.4745950894813
PS-9_069_42_06_09_13_40_22_0,21.556441327503748
PS-9_069_45_06_09_13_45_39_0,20.12253259754867
PS-9_069_45_06_09_13_45_39_1,19.99451522550721
PS-9_070_11_06_15_19_51_33_0,12.681166107291418
PS-9_070_11_06_15_19_51_33_1,9.103736040543536
PS-9_070_21_06_15_20_00_29_0,18.138684323628745
PS-9_070_21_06_15_20_00_29_1,16.387570179061385
PS-9_070_21_06_15_20_00_29_2,13.68648358865788
PS-9_070_21_06_15_20_00_29_3,12.173383511995015
PS-9_070_42_06_15_20_46_00_0,12.348725978533427
PS-9_070_45_06_15_20_50_49_0,14.581933645164074
PS-9_070_45_06_15_20_50_49_1,8.831894510322147
PS-9_072_11_06_16_09_45_43_0,31.476719082103056
PS-9_072_11_06_16_09_45_43_1,30.66446826867098
PS-9_072_42_06_16_10_31_37_0,33.21258810465921
PS-9_072_45_06_16_10_36_55_0,37.49812867547159
PS-9_073_11_06_09_09_55_21_0,32.557035974709386
PS-9_073_21_06_09_10_06_04_0,34.154908553413726
PS-9_073_21_06_09_10_06_04_1,34.48472201256525
PS-9_073_21_06_09_10_06_04_2,30.694009225061336
PS-9_073_21_06_09_10_06_04_3,30.79202608144061
PS-9_073_21_06_09_10_06_04_4,31.550495648384093
PS-9_073_42_06_09_11_00_26_0,29.65745328927969
PS-9_073_45_06_09_11_05_58_0,31.409673739083207
PS-9_075_11_06_09_12_49_52_0,26.93695569493968
PS-9_075_11_06_09_12_49_52_1,26.102827157184578
PS-9_075_21_06_09_13_01_29_0,31.77667661256428
PS-9_075_21_06_09_13_01_29_1,32.48415875140532
PS-9_075_21_06_09_13_01_29_2,29.81578837633133
PS-9_075_42_06_09_13_54_20_0,33.26530623435974
PS-9_075_45_06_09_13_58_49_0,33.9937449991703
PS-9_075_45_06_09_13_58_49_1,35.11442242139651
PS-9_078_11_06_09_18_09_05_0,11.478315349247145
PS-9_078_11_06_09_18_09_05_1,9.942963204176529
PS-9_078_11_06_09_18_09_05_2,11.921442209196485
PS-9_078_21_06_09_18_24_20_0,16.036951098855088
PS-9_078_21_06_09_18_24_20_1,10.63434699430304
PS-9_078_21_06_09_18_24_20_2,12.009192442489883
PS-9_078_21_06_09_18_24_20_3,13.634133225581685
PS-9_078_21_06_09_18_24_20_4,14.398345237921092
PS-9_078_21_06_09_18_24_20_5,11.699990252317008
PS-9_078_21_06_09_18_24_20_6,14.942887416700037
PS-9_078_42_06_09_19_14_27_0,18.99593120324807
PS-9_078_45_06_09_19_20_07_0,15.561412795516086
PS-9_078_45_06_09_19_20_07_1,15.88393013641752
PS-9_079_11_06_09_18_55_19_0,32.09198328343833
PS-9_079_11_06_09_18_55_19_1,33.08384205481249
PS-9_079_21_06_09_19_07_48_0,27.859230017360254
PS-9_079_21_06_09_19_07_48_1,29.75200095087845
PS-9_079_21_06_09_19_07_48_2,36.962126586869445
PS-9_079_21_06_09_19_07_48_3,33.93860029887004
PS-9_079_21_06_09_19_07_48_4,35.17469946975293
PS-9_079_21_06_09_19_07_48_5,33.26744263430676
PS-9_079_21_06_09_19_07_48_6,33.632458284676794
PS-9_079_21_06_09_19_07_48_7,34.422020974987284
PS-9_079_42_06_09_20_10_48_0,34.15952628668101
PS-9_079_45_06_09_20_15_44_0,33.00422897338867
PS-9_080_11_06_10_09_23_36_0,37.90738658471541
PS-9_080_21_06_10_09_36_35_0,35.17884447502367
PS-9_080_21_06_10_09_36_35_1,36.993449443994564
PS-9_080_21_06_10_09_36_35_2,36.07535597079062
PS-9_080_21_06_10_09_36_35_3,37.93700159679759
PS-9_080_21_06_10_09_36_35_4,34.74973844196982
PS-9_080_21_06_10_09_36_35_5,37.6548964364188
PS-9_080_42_06_10_10_39_40_0,35.17108898962329
PS-9_080_45_06_10_10_44_44_0,35.93515879767282
PS-9_081_11_06_11_16_06_45_0,21.3418888770617
PS-9_081_11_06_11_16_06_45_1,20.159698261753206
PS-9_081_21_06_11_16_17_50_0,23.783119410079046
PS-9_081_21_06_11_16_17_50_1,24.733829385042192
PS-9_081_21_06_11_16_17_50_2,19.081778606772424
PS-9_081_42_06_11_16_52_19_0,23.598532648086547
PS-9_081_45_06_11_16_56_17_0,26.207065936766174
PS-9_082_11_06_10_12_36_54_0,24.662582177382248
PS-9_082_11_06_10_12_36_54_1,25.191129775896464
